entry	body_bytes	name	ranges
0x00020250	0x8	entry_stub	0x00020250-0x00020257
0x00020258	0x2c	scatter_entry	0x00020258-0x00020283
0x00020328	0x412	runtime_format_dispatch	0x00020328-0x00020343,0x0002052c-0x00020593,0x000205a4-0x000205f7,0x000208e2-0x00020993,0x00020b46-0x00020dc5,0x00020dd6-0x00020ddd
0x00020344	0x20	runtime_initialize	0x00020344-0x00020363
0x00020364	0x4	runtime_exit	0x00020364-0x00020367
0x00020368	0x20	runtime_main_entry	0x00020368-0x00020387
0x00020388	0x8	Reset_Handler	0x00020388-0x0002038f
0x00020390	0x2	NMI_Handler	0x00020390-0x00020391
0x00020392	0x2	HardFault_Handler	0x00020392-0x00020393
0x00020394	0x2	MemManage_Handler	0x00020394-0x00020395
0x00020396	0x2	BusFault_Handler	0x00020396-0x00020397
0x00020398	0x2	UsageFault_Handler	0x00020398-0x00020399
0x0002039a	0x2	SVC_Handler	0x0002039a-0x0002039b
0x0002039c	0x2	DebugMon_Handler	0x0002039c-0x0002039d
0x0002039e	0x2	PendSV_Handler	0x0002039e-0x0002039f
0x000203a0	0x2	SysTick_Handler	0x000203a0-0x000203a1
0x000203a2	0x2	Default_Handler	0x000203a2-0x000203a3
0x000203a4	0xa	runtime_memory_bounds	0x000203a4-0x000203ad
0x000203c8	0x5e	FUN_000203c8	0x000203c8-0x00020425
0x00020474	0x14	FUN_00020474	0x00020474-0x00020487
0x0002048c	0x2c	FUN_0002048c	0x0002048c-0x000204b7
0x000204b8	0x22	FUN_000204b8	0x000204b8-0x000204d9
0x000204da	0x52	FUN_000204da	0x000204da-0x0002052b
0x000205fc	0x134	FUN_000205fc	0x000205fc-0x0002072f
0x00020734	0x8a	FUN_00020734	0x00020734-0x000207bd
0x000207be	0x64	FUN_000207be	0x000207be-0x00020821
0x00020828	0x4	FUN_00020828	0x00020828-0x0002082b
0x00020838	0x22	FUN_00020838	0x00020838-0x00020859
0x00020860	0xac	FUN_00020860	0x00020426-0x00020473,0x00020860-0x000208bd
0x000208be	0xa	FUN_000208be	0x000208be-0x000208c7
0x000208d6	0xc	FUN_000208d6	0x000208d6-0x000208e1
0x00020996	0x1b0	FUN_00020996	0x00020996-0x00020b45
0x00020de0	0x20	FUN_00020de0	0x00020de0-0x00020dff
0x00020e04	0x4	FUN_00020e04	0x00020e04-0x00020e07
0x00020e0c	0x4	FUN_00020e0c	0x00020e0c-0x00020e0f
0x00020e14	0x4	FUN_00020e14	0x00020e14-0x00020e17
0x00020e1c	0x34	FUN_00020e1c	0x00020e1c-0x00020e4f
0x00020e50	0x8a	FUN_00020e50	0x00020e50-0x00020ed9
0x00020ee6	0x20	FUN_00020ee6	0x00020ee6-0x00020f05
0x00020f0c	0x70	FUN_00020f0c	0x00020f0c-0x00020f7b
0x00020f8c	0xe0	FUN_00020f8c	0x00020f8c-0x0002106b
0x00021070	0x8	FUN_00021070	0x00021070-0x00021077
0x00021078	0x18	FUN_00021078	0x00021078-0x00021085,0x000210e4-0x000210ed
0x00021088	0x4a	FUN_00021088	0x00021088-0x000210d1
0x000210d2	0x12	FUN_000210d2	0x000210d2-0x000210e3
0x000210f0	0x16	FUN_000210f0	0x000210f0-0x00021105
0x00021140	0x7e	FUN_00021140	0x00021140-0x00021191,0x00021194-0x000211bf
0x000211c0	0x8	FUN_000211c0	0x000211c0-0x000211c7
0x000211cc	0x32	FUN_000211cc	0x000211cc-0x000211fd
0x000211fe	0xe	FUN_000211fe	0x000211fe-0x0002120b
0x0002120c	0xe4	FUN_0002120c	0x0002120c-0x000212ef
0x000212f0	0x2b8	FUN_000212f0	0x000212f0-0x000215a7
0x00021628	0xdc	FUN_00021628	0x00021628-0x00021703
0x00021704	0x2a	FUN_00021704	0x00021704-0x0002172d
0x0002172e	0x2a	FUN_0002172e	0x0002172e-0x00021757
0x00021758	0x244	FUN_00021758	0x00021758-0x0002199b
0x0002199c	0xa	thunk_FUN_1fffa30c	0x0002199c-0x000219a5
0x000219a6	0xa	thunk_FUN_1fff9950	0x000219a6-0x000219af
0x000219b0	0xa	thunk_FUN_1fff9c40	0x000219b0-0x000219b9
0x000219ba	0xa	thunk_FUN_1fffa3aa	0x000219ba-0x000219c3
0x000219c4	0xa	thunk_FUN_1fff987c	0x000219c4-0x000219cd
0x000219ce	0xa	thunk_FUN_1fffa160	0x000219ce-0x000219d7
0x000219d8	0xa	thunk_FUN_1fffa38a	0x000219d8-0x000219e1
0x000219e2	0xa	thunk_FUN_1fffa234	0x000219e2-0x000219eb
0x000219ec	0xa	thunk_FUN_1fff9e44	0x000219ec-0x000219f5
0x00021a00	0xe2	FUN_00021a00	0x00021a00-0x00021ae1
0x00021b00	0x106	FUN_00021b00	0x00021b00-0x00021c05
0x00021c1c	0x6c	FUN_00021c1c	0x00021c1c-0x00021c87
0x00021c98	0x30	FUN_00021c98	0x00021c98-0x00021cc7
0x00021cc8	0x18c	FUN_00021cc8	0x00021cc8-0x00021d55,0x00021d5a-0x00021e57
0x00021e88	0x24	FUN_00021e88	0x00021e88-0x00021eab
0x00021eb0	0x16	FUN_00021eb0	0x00021eb0-0x00021ec5
0x00021ed0	0x50	FUN_00021ed0	0x00021ed0-0x00021f1f
0x00021f20	0x6	FUN_00021f20	0x00021f20-0x00021f25
0x00021f28	0x34	FUN_00021f28	0x00021f28-0x00021f5b
0x00021f60	0x5e	FUN_00021f60	0x00021f60-0x00021fbd
0x00021fc4	0x20e	FUN_00021fc4	0x00021fc4-0x00022087,0x00022090-0x000221bf,0x00023852-0x0002386b
0x000221f4	0x44	FUN_000221f4	0x000221f4-0x00022237
0x00022244	0x2cc	IRQ4_Handler	0x00022244-0x00022441,0x00022444-0x00022511
0x00022570	0xd8	FUN_00022570	0x00022570-0x00022647
0x00022658	0x1d6	FUN_00022658	0x00022658-0x0002282d
0x000228c0	0x2c2	FUN_000228c0	0x000228c0-0x00022b81
0x00022c10	0x84	FUN_00022c10	0x00022c10-0x00022c93
0x00022ca8	0x282	FUN_00022ca8	0x00022ca8-0x00022f29
0x00022f40	0x6a	FUN_00022f40	0x00022f40-0x00022fa9
0x00022fac	0x102	FUN_00022fac	0x00022fac-0x000230ad
0x000230c4	0x8c	FUN_000230c4	0x000230c4-0x0002314f
0x00023170	0x6e	FUN_00023170	0x00023170-0x000231dd
0x000231ec	0x16	FUN_000231ec	0x000231ec-0x00023201
0x00023208	0x22a	FUN_00023208	0x00023208-0x00023431
0x00023460	0x32	FUN_00023460	0x00023460-0x00023491
0x00023494	0x24	FUN_00023494	0x00023494-0x000234b7
0x000234bc	0x78	FUN_000234bc	0x000234bc-0x000234eb,0x000234f2-0x00023539
0x00023554	0x18	FUN_00023554	0x00023554-0x0002356b
0x00023574	0x1e	FUN_00023574	0x00023574-0x00023591
0x0002359c	0x1c6	FUN_0002359c	0x0002359c-0x00023761
0x0002379c	0x20	FUN_0002379c	0x0002379c-0x000237bb
0x000237c0	0x30	FUN_000237c0	0x000237c0-0x000237ef
0x000237f0	0x26	FUN_000237f0	0x000237f0-0x00023815
0x00023816	0x1a	FUN_00023816	0x00023816-0x0002382f
0x00023830	0x22	FUN_00023830	0x00023830-0x00023851
0x0002386c	0x20	FUN_0002386c	0x0002386c-0x0002388b
0x00023890	0x30e	FUN_00023890	0x00023890-0x00023b71,0x00024280-0x00024293,0x00024298-0x000242af
0x00023be8	0x258	FUN_00023be8	0x00023be8-0x00023e39,0x000242be-0x000242c3
0x00023e94	0xd0	FUN_00023e94	0x00023e94-0x00023f55,0x00027b2e-0x00027b3b
0x00023f56	0x7a	FUN_00023f56	0x00023f56-0x00023fcf
0x00023fd0	0x3a	FUN_00023fd0	0x00023fd0-0x00024009
0x0002400c	0x152	FUN_0002400c	0x0002400c-0x0002414d,0x000242b8-0x000242bd,0x000242c4-0x000242cd
0x00024188	0xf8	FUN_00024188	0x00024188-0x0002427f
0x000242d4	0xa	FUN_000242d4	0x000242d4-0x000242dd
0x000242e4	0x13c	FUN_000242e4	0x000242e4-0x0002441f
0x00024438	0xe	FUN_00024438	0x00024438-0x00024445
0x00024448	0x268	FUN_00024448	0x00024448-0x000246af
0x000246f8	0x3c0	FUN_000246f8	0x000246f8-0x00024ab7
0x00024b20	0x354	FUN_00024b20	0x00024b20-0x00024e73
0x00024ec0	0x1e4	FUN_00024ec0	0x00024ec0-0x000250a3
0x00025138	0x170	FUN_00025138	0x00025138-0x000252a7
0x000252d8	0x12	FUN_000252d8	0x000252d8-0x000252e9
0x000252f4	0x2d0	FUN_000252f4	0x000252f4-0x000255c3
0x000256c8	0x94	FUN_000256c8	0x000256c8-0x0002575b
0x000257c4	0xc0c	FUN_000257c4	0x000257c4-0x00025bcd,0x00025c38-0x0002614f,0x00026198-0x00026481
0x000264a4	0x204	FUN_000264a4	0x000264a4-0x000266a7
0x000266e8	0x40	FUN_000266e8	0x000266e8-0x00026727
0x00026758	0x2a4	FUN_00026758	0x00026758-0x000269fb
0x00026d00	0xca	FUN_00026d00	0x00026d00-0x00026dc9
0x00026de8	0x18	FUN_00026de8	0x00026de8-0x00026dff
0x00026e04	0x22	FUN_00026e04	0x000219f6-0x000219ff,0x00026e04-0x00026e1b
0x00026e20	0x6e	FUN_00026e20	0x00026e20-0x00026e8d
0x00026e90	0x20	FUN_00026e90	0x00026e90-0x00026eaf
0x00026eb8	0x120	FUN_00026eb8	0x00026eb8-0x00026fd7
0x00027034	0x12	FUN_00027034	0x00027034-0x00027045
0x00027048	0x22	FUN_00027048	0x00027048-0x00027069
0x00027074	0x62	FUN_00027074	0x00027074-0x000270cb,0x00027c32-0x00027c3b
0x000270d8	0x13c	FUN_000270d8	0x000270d8-0x000271d7,0x000271e4-0x0002721f
0x00027228	0x21a	FUN_00027228	0x00027228-0x0002742b,0x0002743a-0x0002744f
0x000274d8	0x58	FUN_000274d8	0x000274d8-0x0002752f
0x00027532	0x26	FUN_00027532	0x00027532-0x00027557
0x00027558	0x138	FUN_00027558	0x00027558-0x0002767b,0x0002768a-0x00027691,0x00027748-0x00027753
0x000276ac	0x98	FUN_000276ac	0x000276ac-0x0002771b,0x00027720-0x00027747
0x00027754	0x16	FUN_00027754	0x00027754-0x00027769
0x0002776c	0x162	FUN_0002776c	0x0002776c-0x00027869,0x0002789c-0x000278ff
0x00027904	0x1d0	FUN_00027904	0x00027904-0x00027ad3
0x00027ad8	0x48	FUN_00027ad8	0x00027ad8-0x00027b1f
0x00027b3c	0x4c	FUN_00027b3c	0x00027b3c-0x00027b41,0x00027b56-0x00027b9b
0x00027b9c	0x88	FUN_00027b9c	0x00027b9c-0x00027c07,0x00027c0c-0x00027c27
0x00027c28	0xa	FUN_00027c28	0x00027c28-0x00027c31
0x00027c3c	0x64	FUN_00027c3c	0x00027c3c-0x00027c9f
0x00028680	0x136	FUN_00028680	0x00028680-0x000287b5
0x000287b6	0x492	FUN_000287b6	0x000287b6-0x00028a77,0x00028ae0-0x00028caf
0x00028cc0	0xe4	FUN_00028cc0	0x00028cc0-0x00028da3
0x00029efc	0xb6	FUN_00029efc	0x00029efc-0x00029fb1
0x0002a2c0	0x104	FUN_0002a2c0	0x0002a2c0-0x0002a31f,0x0002a328-0x0002a3cb
0x0002a448	0x7c	FUN_0002a448	0x0002a448-0x0002a4c3
0x0002a65e	0x9c	FUN_0002a65e	0x0002a65e-0x0002a6f9
0x0002a6fa	0x9e	FUN_0002a6fa	0x0002a6fa-0x0002a797
0x0002a98c	0x7e	FUN_0002a98c	0x0002a98c-0x0002aa09
0x0002aa0a	0x20	FUN_0002aa0a	0x0002aa0a-0x0002aa29
0x0002aa2a	0x34	FUN_0002aa2a	0x0002aa2a-0x0002aa5d
0x0002aa94	0x56	FUN_0002aa94	0x0002aa94-0x0002aae9
0x0002ab7a	0xa	thunk_FUN_00023be8	0x0002ab7a-0x0002ab83
0x0002ab84	0xa	thunk_FUN_00023fd0	0x0002ab84-0x0002ab8d
0x1fff8000	0x136	FUN_1fff8000	0x1fff8000-0x1fff8135
0x1fff8136	0x492	IRQ2_Handler	0x1fff8136-0x1fff83f7,0x1fff8460-0x1fff862f
0x1fff8744	0x2c	IRQ0_Handler	0x1fff8744-0x1fff876f
0x1fff8770	0x148	IRQ1_Handler	0x1fff8770-0x1fff88b7
0x1fff88b8	0xe50	IRQ3_Handler	0x1fff88b8-0x1fff8b3f,0x1fff8bac-0x1fff8dbd,0x1fff8dc4-0x1fff8f89,0x1fff8fa0-0x1fff9057,0x1fff90aa-0x1fff922b,0x1fff9250-0x1fff93c7,0x1fff93ec-0x1fff9403,0x1fff9408-0x1fff982d
0x1fff987c	0xb6	FUN_1fff987c	0x1fff987c-0x1fff9931
0x1fff9950	0xe8	FUN_1fff9950	0x1fff9950-0x1fff9a37
0x1fff9a38	0x88	FUN_1fff9a38	0x1fff9a38-0x1fff9abf
0x1fff9acc	0x42	FUN_1fff9acc	0x1fff9acc-0x1fff9b0d
0x1fff9b0e	0x92	FUN_1fff9b0e	0x1fff9b0e-0x1fff9b9f
0x1fff9ba0	0x92	FUN_1fff9ba0	0x1fff9ba0-0x1fff9c31
0x1fff9c40	0x104	FUN_1fff9c40	0x1fff9c40-0x1fff9c9f,0x1fff9ca8-0x1fff9d4b
0x1fff9dc8	0x7c	FUN_1fff9dc8	0x1fff9dc8-0x1fff9e43
0x1fff9e44	0x62	FUN_1fff9e44	0x1fff9e44-0x1fff9ea5
0x1fff9ea6	0x138	FUN_1fff9ea6	0x1fff9ea6-0x1fff9fdd
0x1fff9fde	0x9c	FUN_1fff9fde	0x1fff9fde-0x1fffa079
0x1fffa07a	0x9e	FUN_1fffa07a	0x1fffa07a-0x1fffa117
0x1fffa160	0xd4	FUN_1fffa160	0x1fffa160-0x1fffa233
0x1fffa234	0xca	FUN_1fffa234	0x1fffa234-0x1fffa2fd
0x1fffa30c	0x7e	FUN_1fffa30c	0x1fffa30c-0x1fffa389
0x1fffa38a	0x20	FUN_1fffa38a	0x1fffa38a-0x1fffa3a9
0x1fffa3aa	0x34	FUN_1fffa3aa	0x1fffa3aa-0x1fffa3dd
0x1fffa414	0x56	FUN_1fffa414	0x1fffa414-0x1fffa469
0x1fffa46a	0x28	FUN_1fffa46a	0x1fffa46a-0x1fffa491
0x1fffa492	0x28	FUN_1fffa492	0x1fffa492-0x1fffa4b9
0x1fffa4dc	0xa	thunk_FUN_00025138	0x1fffa4dc-0x1fffa4e5
0x1fffa4e6	0xa	thunk_FUN_00021f28	0x1fffa4e6-0x1fffa4ef
0x1fffa4f0	0xa	thunk_FUN_00026e04	0x1fffa4f0-0x1fffa4f9
0x1fffa4fa	0xa	thunk_FUN_00023be8	0x1fffa4fa-0x1fffa503
0x1fffa504	0xa	thunk_FUN_00023fd0	0x1fffa504-0x1fffa50d
