entry	end	body_bytes	factory_name	callers	callees	coverage	source_mapping	evidence	direct_branch_callers	literal_pointer_refs
0x00020250	0x00020257	0x8	seed_00020250		00020258,00020368	source_behavior_mapped	reset_vector_preinit_relocation_dispatch	startup/startup_hc32f448.S:Reset_Handler; Reset vector 0x20389 calls SystemInit then reaches the scatter dispatcher; source combines the same reachable sequence and enters runtime setup only after all data copies and BSS clears.		0x000203b4
0x00020258	0x00020283	0x2c	FUN_00020258	00020368	00020368	source_behavior_mapped	startup_relocation_table_dispatch	startup/startup_hc32f448.S:Reset_Handler; Factory compressed scatter descriptors are represented by explicit linker-owned copy/clear loops; all 29 fixed initialized SRAM sections are independently checked for source and startup copy symbols.	0x00020250
0x0002028c	0x000202ef	0x64	factory_scatterload_decompress			source_behavior_mapped	startup_scatterload_decompress	startup/startup_hc32f448.S:Reset_Handler; Factory descriptor decompression is replaced by explicit linker-symbol copy loops; startup-copy regression checks every fixed destination, load image and byte count.
0x000202f0	0x00020309	0x1a	factory_scatterload_copy			source_behavior_mapped	startup_scatterload_copy	startup/startup_hc32f448.S:Reset_Handler; Source performs the same non-overlapping initialized-region copies directly from linker-owned load ranges.
0x0002030c	0x00020327	0x1c	factory_scatterload_zeroinit			source_behavior_mapped	startup_scatterload_zeroinit	startup/startup_hc32f448.S:Reset_Handler; Source clears the normal and fixed BSS ranges before any application initialization; startup-copy regression checks the exact ranges.
0x00020328	0x00020ddd	0x412	FUN_00020328	000205fc	0002048c,000204b8,000204da,00020996,00020e0c,00020f0c,000237c0	source_behavior_mapped	printf_format_core_float_int_string	app/src/debug_console.c:factory_dispatch raw stream/conversion/argument-pointer entry; 256 nonfloat and 256 float cases callback/context/count mutations and result match; float returns3, parser aligns all non0/non1; raw ABI/stack/full access traces/fixed entry/domain remain open	0x00020706
0x00020344	0x00020363	0x20	FUN_00020344	00020368	00020860,00020e0c,00027048,00027c28	source_behavior_mapped	c_runtime_heap_errno_init	app/src/runtime_compat.c:dm4310_runtime_initialize; Factory call order, FPSCR setup, context+0x2c initialization and heap seed state are reproduced before application main; see RUNTIME_HEAP_AUDIT.md.	0x0002036e
0x00020364	0x00020367	0x4	FUN_00020364	00020368		source_behavior_mapped	null_fini_or_weak_hook	startup/startup_hc32f448.S:Reset_Handler; Factory body is an empty push/pop hook reached only after main returns; both factory and source main are permanent service loops, so this compiler finalization path is unreachable.	0x0002037c
0x00020368	0x00020387	0x20	FUN_00020368	00020258,00020368	00020258,00020344,00020364,00020368,00021088,000210d2,000211c0,00023554,000252f4	source_behavior_mapped	runtime_main_after_scatterload_and_app_dispatch	startup/startup_hc32f448.S:Reset_Handler; Reachable sequence runtime-context init, heap init and application main is reproduced after scatter loading; factory exit/fini tail is unreachable because main never returns.	0x00020254,0x0002026a
0x00020388	0x0002038f	0x8	Reset_Handler		00020250,00023554	source_behavior_mapped	cortexm_reset_entry_calls_init_and_main	startup/startup_hc32f448.S:Reset_Handler; Factory loads SystemInit then tail-enters the scatter dispatcher; source preserves that order and the full copy/clear contract is checked separately.		0x00020004
0x00020390	0x00020391	0x2	NMI_Handler			source_behavior_mapped	infinite_loop_nmi_handler	startup/startup_hc32f448.S:__Vectors/Default_Handler; Factory body is a two-byte self-loop; source vectors every unimplemented exception/IRQ to an explicit non-returning self-loop.		0x00020008
0x00020392	0x00020393	0x2	HardFault_Handler			source_behavior_mapped	infinite_loop_hardfault_handler	startup/startup_hc32f448.S:__Vectors/Default_Handler; Factory body is a two-byte self-loop; source vectors every unimplemented exception/IRQ to an explicit non-returning self-loop.		0x0002000c
0x00020394	0x00020395	0x2	MemManage_Handler			source_behavior_mapped	infinite_loop_memmanage_handler	startup/startup_hc32f448.S:__Vectors/Default_Handler; Factory body is a two-byte self-loop; source vectors every unimplemented exception/IRQ to an explicit non-returning self-loop.		0x00020010
0x00020396	0x00020397	0x2	BusFault_Handler			source_behavior_mapped	infinite_loop_busfault_handler	startup/startup_hc32f448.S:__Vectors/Default_Handler; Factory body is a two-byte self-loop; source vectors every unimplemented exception/IRQ to an explicit non-returning self-loop.		0x00020014
0x00020398	0x00020399	0x2	UsageFault_Handler			source_behavior_mapped	infinite_loop_usagefault_handler	startup/startup_hc32f448.S:__Vectors/Default_Handler; Factory body is a two-byte self-loop; source vectors every unimplemented exception/IRQ to an explicit non-returning self-loop.		0x00020018
0x0002039a	0x0002039b	0x2	SVC_Handler			source_behavior_mapped	infinite_loop_svc_handler	startup/startup_hc32f448.S:__Vectors/Default_Handler; Factory body is a two-byte self-loop; source vectors every unimplemented exception/IRQ to an explicit non-returning self-loop.		0x0002002c
0x0002039c	0x0002039d	0x2	DebugMon_Handler			source_behavior_mapped	infinite_loop_debugmon_handler	startup/startup_hc32f448.S:__Vectors/Default_Handler; Factory body is a two-byte self-loop; source vectors every unimplemented exception/IRQ to an explicit non-returning self-loop.		0x00020030
0x0002039e	0x0002039f	0x2	PendSV_Handler			source_behavior_mapped	infinite_loop_pendsv_handler	startup/startup_hc32f448.S:__Vectors/Default_Handler; Factory body is a two-byte self-loop; source vectors every unimplemented exception/IRQ to an explicit non-returning self-loop.		0x00020038
0x000203a0	0x000203a1	0x2	SysTick_Handler			source_behavior_mapped	infinite_loop_systick_or_default_handler	startup/startup_hc32f448.S:__Vectors/Default_Handler; Factory body is a two-byte self-loop; source vectors every unimplemented exception/IRQ to an explicit non-returning self-loop.		0x0002003c
0x000203a2	0x000203a3	0x2	Default_Handler			source_behavior_mapped	infinite_loop_vector147_default_handler	startup/startup_hc32f448.S:__Vectors/Default_Handler; Factory body is a two-byte self-loop; source vectors every unimplemented exception/IRQ to an explicit non-returning self-loop.		0x00020054,0x00020058,0x0002005c,0x00020060,0x00020064,0x00020068,0x0002006c,0x00020070,0x00020074,0x00020078,0x0002007c,0x00020080,0x00020084,0x00020088,0x0002008c,0x00020090,0x00020094,0x00020098,0x0002009c,0x000200a0,0x000200a4,0x000200a8,0x000200ac,0x000200b0,0x000200b4,0x000200b8,0x000200bc,0x000200c0,0x000200c4,0x000200c8,0x000200cc,0x000200d0,0x000200d4,0x000200d8,0x000200dc,0x000200e0,0x000200e4,0x000200e8,0x000200ec,0x000200f0,0x000200f4,0x000200f8,0x000200fc,0x00020100,0x00020104,0x00020108,0x0002010c,0x00020110,0x00020114,0x00020118,0x0002011c,0x00020120,0x00020124,0x00020128,0x0002012c,0x00020130,0x00020134,0x00020138,0x0002013c,0x00020140,0x00020144,0x00020148,0x0002014c,0x00020150,0x00020154,0x00020158,0x0002015c,0x00020160,0x00020164,0x00020168,0x0002016c,0x00020170,0x00020174,0x00020178,0x0002017c,0x00020180,0x00020184,0x00020188,0x0002018c,0x00020190,0x00020194,0x00020198,0x0002019c,0x000201a0,0x000201a4,0x000201a8,0x000201ac,0x000201b0,0x000201b4,0x000201b8,0x000201bc,0x000201c0,0x000201c4,0x000201c8,0x000201cc,0x000201d0,0x000201d4,0x000201d8,0x000201dc,0x000201e0,0x000201e4,0x000201e8,0x000201ec,0x000201f0,0x000201f4,0x000201f8,0x000201fc,0x00020200,0x00020204,0x00020208,0x0002020c,0x00020210,0x00020214,0x00020218,0x0002021c,0x00020220,0x00020224,0x00020228,0x00020234,0x00020238,0x0002023c,0x00020240,0x00020244,0x00020248,0x0002024c
0x000203a4	0x000203ad	0xa	FUN_000203a4	00021088		source_behavior_mapped	stack_heap_bounds_pair_accessor	linker/hc32f448_dm4310_app.ld; Factory literals 0x1ffff4f8, 0x200004f8 and duplicate 0x1ffff8f8 bounds are linker-defined and asserted; see RUNTIME_HEAP_AUDIT.md.	0x000210a0
0x000203c8	0x00020425	0x5e	FUN_000203c8	00026d00	00020828,00020838	source_behavior_mapped	heap_alloc_first_fit	app/src/runtime_compat.c:dm4310_runtime_alloc; First-fit walk, 8-byte block rounding, whole-block threshold, split order and exhausted fixed-heap return are represented against the exact heap-state address.	0x00026d0a
0x00020474	0x00020487	0x14	FUN_00020474	00022658,000246f8,00024ec0,000252f4,000256c8,000257c4,000266e8,00026758,00026eb8	00020de0	source_behavior_mapped	debug_printf_wrapper	app/src/debug_console.c:debug_console_printf; Variadic wrapper forwards format and arguments to the UART-backed formatter; formatter internals remain separate closure rows and are not waived by this mapping.	0x0002279e,0x000227fe,0x00024a8c,0x00024f8a,0x00024fae,0x000253de,0x00025436,0x0002543c,0x00025448,0x00025454,0x00025460,0x00025486,0x000254de,0x000254e8,0x0002572e,0x00025736,0x0002573c,0x00025b10,0x00026722,0x000267e4,0x0002680c,0x00026812,0x0002681c,0x00026824,0x00026832,0x00026848,0x0002685c,0x00026870,0x00026888,0x0002689c,0x000268b0,0x000268ba,0x000268c2,0x000268da,0x000268fa,0x00026900,0x00026922,0x00026944,0x00026958,0x0002696c,0x00026972,0x0002697e,0x00026984,0x0002698a,0x00026990,0x0002699c,0x000269a2,0x000269a8,0x000269ae,0x000269ba,0x000269c0,0x000269c6,0x000269cc,0x000269de,0x000269e4,0x000269ea,0x000269f8,0x00026fce
0x0002048c	0x000204b7	0x2c	FUN_0002048c	00020328,000204da,00020f0c		source_behavior_mapped	printf_stream_left_pad_zero_or_space	app/src/debug_console.c shared C FactoryFormatterStream helpers; 256 cases per helper match callback/context/count/text mutations; 14 whole printf string/integer cases pass; raw registers/stack/full formatter context/fixed entries remain open	0x00020510,0x00020922,0x00020948,0x00020d24,0x00020d40,0x00020f46
0x000204b8	0x000204d9	0x22	FUN_000204b8	00020328,000204da,00020f0c		source_behavior_mapped	stream_pad_spaces	app/src/debug_console.c shared C FactoryFormatterStream helpers; 256 cases per helper match callback/context/count/text mutations; 14 whole printf string/integer cases pass; raw registers/stack/full formatter context/fixed entries remain open	0x00020526,0x00020980,0x00020da8,0x00020f74
0x000204da	0x0002052b	0x52	FUN_000204da	00020328	0002048c,000204b8	source_behavior_mapped	stream_write_string_limited	app/src/debug_console.c shared C FactoryFormatterStream helpers; 256 cases per helper match callback/context/count/text mutations; 14 whole printf string/integer cases pass; raw registers/stack/full formatter context/fixed entries remain open	0x00020dbe
0x000205fc	0x0002072f	0x134	FUN_000205fc	00020ee6	00020328,00024438	source_behavior_mapped	printf_format_parser_dispatch	app/src/debug_console.c:factory_parse generic C stream entry; 128 direct custom callback cases full 36-byte context/read-write traces and mutation match; original context zero-bit clear under integer precision repaired; raw ABI/stack/fixed entry/full domain open	0x00020efe
0x00020734	0x000207bd	0x8a	FUN_00020734	00022244,00026d00		source_behavior_mapped	memcpy_word_optimized	C memcpy callsites / compiler runtime; Factory helper implements non-overlapping byte-copy semantics with destination-alignment and source-alignment fast paths; all live callers are represented by bounded C memcpy operations on disjoint ranges.	0x00022370,0x0002238c,0x000223c2,0x000223de,0x00022498,0x000224ac,0x000224bc,0x00026d2a
0x000207be	0x00020821	0x64	FUN_000207be	00022658,000228c0,000256c8,000257c4,00026eb8		source_behavior_mapped	memcpy_large_aligned_block_copy	C memcpy callsites / compiler runtime; Factory aligned helper copies 32/16/8/4/2/1-byte tails; source callsites use memcpy over the same non-overlapping records and fixed staging regions.	0x00022748,0x000228fc,0x000256d2,0x0002581a,0x00025826,0x00026ec2
0x00020828	0x0002082b	0x4	FUN_00020828	000203c8,00020860,00020e1c		source_behavior_mapped	heap_state_global_accessor	app/src/runtime_compat.c:dm4310_c_runtime_state[2]; Factory accessor literal 0x1ffff498 is the fixed context +0x08 heap-state word and receives 0x1ffff4f8.	0x000203cc,0x0002042c,0x00020894
0x00020838	0x00020859	0x22	FUN_00020838	000203c8	00020e1c	source_behavior_mapped	heap_extension_adapter	app/src/runtime_compat.c:dm4310_runtime_alloc; Factory calls a patched NOP hook with r0=0; it always returns zero and therefore never reaches the region-insertion arm. Source returns NULL on the same exhausted-list condition.	0x0002041c
0x00020860	0x000208bd	0x5e	FUN_00020860	00020344	00020828,000208be,00020e1c,00021078	source_behavior_mapped	heap_region_init_and_free_list_seed	app/src/runtime_compat.c:dm4310_runtime_initialize; Factory no-extension path is reproduced with sentinel at 0x1ffff4f8 and the aligned 0x3ec free block at 0x1ffff50c; see RUNTIME_HEAP_AUDIT.md.	0x0002034e
0x000208be	0x000208c7	0xa	FUN_000208be	00020860		source_behavior_mapped	list_head_init_three_word	app/src/runtime_compat.c:dm4310_runtime_initialize; Source writes the factory sentinel triplet {0, heap+0x14, heap} after the seed insertion path; see RUNTIME_HEAP_AUDIT.md.	0x000208a6
0x000208d6	0x000208e1	0xc	FUN_000208d6	00023890,00023be8,00023e94,00023f56,00023fd0,0002400c,00026e20	00020e14	source_behavior_mapped	errno_or_runtime_error_flag_setter	app/src/ram_helpers.c and app/src/output_sensor.c:dm4310_runtime_errno writes; Factory accessor resolves to 0x1ffff490 and stores the supplied status word; checked sqrt and atan2 source paths write their exact codes directly to the fixed alias.	0x000238f2,0x00023f42,0x0002412a
0x00020996	0x00020b45	0x1b0	FUN_00020996	00020328	00020e50,00020f8c,0002120c,00021704,0002172e	source_behavior_mapped	double_to_decimal_digit_generator	app/src/dm4310_fixed_scaled.c:dm4310_factory_decimal_digits; 4620 mode0/1/2 cases and fixed corpus; precision-domain/metadata/stack/write-order closure open	0x00020bce,0x00020bf0,0x00020c3c
0x00020de0	0x00020dff	0x20	FUN_00020de0	00020474	00020ee6,00021070	source_behavior_mapped	vprintf_stream_wrapper	app/src/debug_console.c:factory_vprintf with output stream parameter; 256 stream-byte flags including callback mutation match output/result; public string/integer and nonfinite regressions pass; context/raw ABI/stack/fixed entry remain open	0x0002047e
0x00020e04	0x00020e07	0x4	FUN_00020e04	00021088		source_behavior_mapped	runtime_context_base_accessor_A	app/src/runtime_compat.c:dm4310_c_runtime_state; Factory literal 0x1ffff490 is the linker-asserted 0x60-byte context base.	0x0002108a
0x00020e0c	0x00020e0f	0x4	FUN_00020e0c	00020328,00020344		source_behavior_mapped	runtime_context_base_accessor_B	app/src/runtime_compat.c:dm4310_c_runtime_state[8]; Factory literal 0x1ffff4b0 is context base +0x20; startup initializes its observed +0x0c word to zero.	0x00020352,0x00020d6e
0x00020e14	0x00020e17	0x4	FUN_00020e14	000208d6		source_behavior_mapped	errno_storage_accessor	app/src/runtime_compat.c:dm4310_runtime_errno; Alias resolves exactly to context base 0x1ffff490 and preserves math-runtime status side effects.	0x000208ce,0x000208da
0x00020e1c	0x00020e4f	0x82	FUN_00020e1c	00020838,00020860	00020828	source_behavior_mapped	heap_free_list_insert_and_coalesce	app/src/runtime_compat.c:dm4310_runtime_initialize/dm4310_runtime_free; Initialization's alignment result and exact free-block image are reproduced directly; returning allocations use the same sorted insertion and previous/next coalescing. Heap extension cannot reach this helper because its factory hook always returns zero.	0x00020852,0x000208ba
0x00020e50	0x00020ed9	0x8a	FUN_00020e50	00020996		source_behavior_mapped	factory_divide_ten_registers	app/src/dm4310_fixed_scaled.c; RESTORATION_PROGRESS.md:11191 quotient/remainder and 1000 full-register/stack passes; fixed-entry/caller open	0x00020ac2,0x00020af2
0x00020edc	0x00020ee5	0xa	factory_stream_reader	00020ee6		source_behavior_mapped	formatter_stream_reader	app/src/debug_console.c:factory_stream_read; Direct reader regression checks pointer advance before byte load; parser/context regressions cover callback mutation and the complete 36-byte formatter context.
0x00020ee6	0x00020f05	0x20	FUN_00020ee6	00020de0	000205fc	source_behavior_mapped	printf_core_context_setup_and_dispatch	app/src/debug_console.c:factory_format_context callback/opaque/read initialization entry; 96 direct cases custom writer/count/context mutation and normalized callback context match; factory 60-byte allocation vs C frame/raw ABI/fixed entry remain open	0x00020de8
0x00020f0c	0x00020f7b	0x70	FUN_00020f0c	00020328	0002048c,000204b8	source_behavior_mapped	printf_nan_inf_prefix_emit	app/src/debug_console.c:factory_stream_nonfinite shared C stream helper; 256 callback/context/count mutation cases plus 32 whole nonfinite printf cases pass; raw ABI/stack/fixed entry/full parser integration remain open	0x00020b8e
0x00020f8c	0x0002106b	0xe0	FUN_00020f8c	00020996	00021704,0002172e	source_behavior_mapped	factory_decimal_power	app/src/dm4310_decimal_power.c; RESTORATION_PROGRESS.md:2478 three-word result cases; fixed tables/stack/full domain open	0x00020a48
0x00021070	0x00021077	0x8	FUN_00021070	00020de0		source_behavior_mapped	stream_error_mask_byte_12	app/src/runtime_compat.c:dm4310_runtime_stream_error; app/src/runtime_compat.c:dm4310_runtime_stream_error	0x00020df0
0x00021078	0x000210ed	0x18	FUN_00021078	00020860	000210f0,000211c0	source_behavior_mapped	fatal_runtime_error_check_and_halt	app/src/runtime_compat.c:runtime_heap_fatal/runtime_halt_if_error; four fatal reasons and 1004 conditional words; stack/entry closure open	0x0002085c
0x00021088	0x000210d1	0x4a	FUN_00021088	00020368	000203a4,00020e04	source_behavior_mapped	runtime_context_zero_init	app/src/runtime_compat.c:dm4310_runtime_initialize; Source clears exactly the first sixteen words of the fixed 0x60-byte context; the upper 0x20 bytes remain runtime scratch.	0x00020368
0x000210d2	0x000210e3	0x12	FUN_000210d2	00020368		source_behavior_mapped	program_exit_to_semihosting_and_hooks	app/src/runtime_compat.c:dm4310_runtime_exit source inline ABI thunk; 256 cases all r0-r12/APSR/SP/relocated LR/16-byte finalizer and argument frame match at semihost trap; absolute entry/reset integration open	0x00020376
0x000210f0	0x00021105	0x16	FUN_000210f0	00021078	000211cc	source_behavior_mapped	runtime_heap_report	app/src/runtime_compat.c; RESTORATION_PROGRESS.md:four-reason semihost/R0 differential pass; text-address/stack open	0x0002107a
0x00021140	0x000211bf	0x7e	FUN_00021140	00027048		source_behavior_mapped	runtime_locale_compare	app/src/runtime_compat.c; RESTORATION_PROGRESS.md:7456-case return/input-read pass; stack/register/fixed-entry open	0x00027058
0x000211c0	0x000211c7	0x8	FUN_000211c0	00020368,00021078		source_behavior_mapped	semihosting_bkpt_halt	app/src/runtime_compat.c:dm4310_runtime_halt; direct SYS_EXIT operation/reason differential and emitted self-branch; fixed-entry/register closure open	0x00020382,0x000210e8
0x000211cc	0x000211fd	0x32	FUN_000211cc	000210f0	000211fe	source_behavior_mapped	semihosting_diagnostic_two_strings	app/src/runtime_compat.c:runtime_semihost_diagnostic; 36 null/empty/byte-string differential cases; ordered reads and SYS_WRITECHAR sequence; stack/fixed-entry closure open	0x000210fa
0x000211fe	0x0002120b	0xe	FUN_000211fe	000211cc		source_behavior_mapped	semihosting_putchar_bkpt	app/src/runtime_compat.c:runtime_semihost_character; 260 exact SYS_WRITECHAR byte/R0 cases; byte at SP-8 confirmed; factory push/pop stack traffic still differs	0x000211d8,0x000211e8
0x0002120c	0x000212ef	0xe4	FUN_0002120c	00020996		source_behavior_mapped	factory_binary64_extended	app/src/dm4310_binary64_extended.c; RESTORATION_PROGRESS.md:10110 three-word unpack cases; ABI/stack/fixed-entry open	0x00020a5c
0x000212f0	0x000215a7	0x2b8	FUN_000212f0	00021704		source_behavior_mapped	factory_extended_divide_reciprocal_core	app/src/dm4310_extended_core.S; 1024 raw core cases all registers/guard/APSR/SP/LR/stack match; source C wrapper uses this core; full formatter ABI/fixed entry remains open	0x00021720
0x00021628	0x00021703	0xdc	FUN_00021628	00021704,0002172e		source_behavior_mapped	factory_extended_round	app/src/dm4310_extended_core.S plus C adapter; 1024 raw cases match registers/APSR/SP/LR/stack including r10 mode/r11 rounding; fixed entry/full wrapper stack open	0x00021724,0x0002174e
0x00021704	0x0002172d	0x2a	FUN_00021704	00020996,00020f8c	000212f0,00021628	source_behavior_mapped	factory_extended_divide	app/src/dm4310_extended_core.S pointer wrapper plus typed C adapter; 1024 raw cases match r0-r12/APSR/SP/relocated LR/saved 28-byte frame; 6486 result cases pass; fixed entry/outer C ABI/nested stack open	0x00020a82,0x00021054
0x0002172e	0x00021757	0x2a	FUN_0002172e	00020996,00020f8c	00021628,00021758	source_behavior_mapped	factory_extended_multiply	app/src/dm4310_extended_core.S pointer wrapper plus typed C adapter; 1024 raw cases match r0-r12/APSR/SP/relocated LR/saved 28-byte frame; 6486 result cases pass; fixed entry/outer C ABI/nested stack open	0x00020a98,0x00020ff4,0x00021032,0x0002105a
0x00021758	0x0002199b	0x244	FUN_00021758	0002172e		source_behavior_mapped	factory_extended_multiply_limb_core	app/src/dm4310_extended_core.S; 1024 raw core cases including zero-low fast paths match registers/guard/APSR/SP/LR/stack; wrapper integration 6486 cases pass; full formatter ABI/fixed entry open	0x0002174a
0x0002199c	0x000219a5	0xa	thunk_FUN_1fffa30c	00022658,00024448,000246f8,00024b20,000257c4,000264a4	1fffa30c	source_behavior_mapped	sincos_helper_veneer	app/src/ram_helpers.c:dm4310_sincos_helper; Exact movw/movt 0x1fffa30d plus bx; target is source-built, startup-copied and linker-asserted at 0x1fffa30c.	0x0002273c,0x000245c4,0x00024882,0x000249ac,0x00024c04,0x00024d50,0x00025932,0x00025a1e,0x00025cf0,0x00025ef2,0x00025f7c,0x000260e4,0x00026308,0x0002655e,0x00026604
0x000219a6	0x000219af	0xa	thunk_FUN_1fff9950	000228c0,000252f4,00026d00	1fff9950	source_behavior_mapped	flash_writer_veneer	board/src/board_flash_hc32f448.c:erase_and_program_from_sram; Exact movw/movt 0x1fff9951 plus bx; target is the source-built generic RAM flash writer at 0x1fff9950.	0x000228f0,0x000254fa,0x0002554c,0x0002555c,0x00025566,0x00026d46
0x000219b0	0x000219b9	0xa	thunk_FUN_1fff9c40	00024448,000246f8,00024b20,000257c4,000264a4	1fff9c40	source_behavior_mapped	svpwm_helper_veneer	app/src/ram_helpers.c:dm4310_svpwm_helper; Exact movw/movt 0x1fff9c41 plus bx; target is source-built and linker-asserted at 0x1fff9c40.	0x000244a6,0x000245e8,0x000246a2,0x000248f6,0x00024b84,0x00024c28,0x00024d74,0x00024e4c,0x0002584c,0x00025aa0,0x00025ad0,0x00025dd4,0x00025e0a,0x0002620c,0x00026364,0x00026392,0x000264fe,0x00026582,0x00026628,0x0002664e
0x000219ba	0x000219c3	0xa	thunk_FUN_1fffa3aa	00024448,000246f8,00024b20,000257c4,000264a4	1fffa3aa	source_behavior_mapped	wrap_once_helper_veneer	app/src/ram_helpers.c:dm4310_wrap_helper; Exact movw/movt 0x1fffa3ab plus bx; target preserves conditional one-step correction and store behavior.	0x000245b8,0x00024876,0x00024bf8,0x00024d44,0x00025926,0x00025a12,0x00025ce4,0x00025ee6,0x00025f70,0x000260d8,0x000262fc,0x00026552,0x000265f8
0x000219c4	0x000219cd	0xa	thunk_FUN_1fff987c	00024ec0	1fff987c	source_behavior_mapped	output_sensor_lookup_veneer	app/src/ram_helpers.c:dm4310_output_sensor_helper; Exact movw/movt 0x1fff987d plus bx; completed 0x1fff image proves the target and source installs its fixed ABI entry.	0x00024fdc
0x000219ce	0x000219d7	0xa	thunk_FUN_1fffa160	000257c4	1fffa160	source_behavior_mapped	identification_rls2_veneer	app/src/ram_helpers.c:dm4310_rls2_helper; Exact movw/movt 0x1fffa161 plus bx; target ABI and body are represented at fixed address 0x1fffa160.	0x00025a5c
0x000219d8	0x000219e1	0xa	thunk_FUN_1fffa38a	000257c4	1fffa38a	source_behavior_mapped	float_clamp_veneer	app/src/ram_helpers.c:dm4310_clamp_helper; Exact movw/movt 0x1fffa38b plus bx; target preserves recovered unordered-input behavior.	0x00025a7c,0x00025dac
0x000219e2	0x000219eb	0xa	thunk_FUN_1fffa234	000257c4	1fffa234	source_behavior_mapped	flux_observer_veneer	app/src/ram_helpers.c:dm4310_flux_observer_helper; Exact movw/movt 0x1fffa235 plus bx; target ABI and body are represented at fixed address 0x1fffa234.	0x00025d3c
0x000219ec	0x000219f5	0xa	thunk_FUN_1fff9e44	000257c4	1fff9e44	source_behavior_mapped	identification_filter_veneer	app/src/ram_helpers.c:dm4310_identification_filter_helper; Exact movw/movt 0x1fff9e45 plus bx; target preserves recovered filter field and arithmetic order.	0x000261da,0x000261e0,0x00026336,0x0002633c
0x000219f6	0x000219ff	0xa	thunk_FUN_1fff8640	00026dfc,00026e18,00026eac	1fff8640	source_built_fixed_veneer	veneer to write_boot_record_from_sram@0x1fff8640	three direct factory tail calls	0x00026dfc,0x00026e18,0x00026eac
0x00021a00	0x00021ae1	0xe2	FUN_00021a00	000252f4		source_behavior_mapped	adc_sampling_init	board/src/board_adc_hc32f448.c:board_adc_init; Eight analogue PCR writes, protected FPRC/FCG0PC/PERICKSEL/EXCHSELR sequence, FCG3 release and all three ADC register images match factory order.	0x00025338
0x00021b00	0x00021c05	0x106	FUN_00021b00	000252f4		source_behavior_mapped	calibrate_adc_offsets	board/src/board_adc_hc32f448.c:board_adc_calibrate_startup; Exactly 1000 software-triggered ADC1/2/3 samples; DR0/DR1 accumulation, ADC1/2-only EOCA clear and four VDIV results match.	0x00025352
0x00021c1c	0x00021c87	0x6c	FUN_00021c1c	00026eb8	00021ed0	source_behavior_mapped	aes_ctr_xor_stream_internal_counter_template	common/src/aes256_ctr.c:aes256_ctr_transform; Source uses the same 00112233445566778899aabbccddeeff counter, AES block refresh every 16 bytes, big-endian carry increment and bytewise source XOR; active device-auth call is in-place.	0x00026f02
0x00021c98	0x00021cc7	0x30	FUN_00021c98	00021ed0		source_behavior_mapped	aes_add_round_key_state4x4	common/src/aes256_ctr.c:add_round_key; Source XORs the same sixteen state bytes with round_keys + round*16 in the factory four-column order.	0x00021edc,0x00021efa,0x00021f1c
0x00021cc8	0x00021e57	0x18c	FUN_00021cc8		00021f20,00023816,0002386c	source_behavior_mapped	mcan1_configure_classic	board/src/board_mcan_hc32f448.c:mcan_init_classic/mcan_init_common; Source preserves classic selector clamping, separate CCCR RMWs, NBTP-only timing, exact message-RAM/register order, sixteen-cycle transition wait and INTC/NVIC tail without source-only DM4310 state writes.		0x0002255c,0x00022bb8,0x00029ecc
0x00021e88	0x00021eab	0x24	FUN_00021e88	00024448,000246f8,00024b20		source_behavior_mapped	crc32_mpeg2_checked_frame_helper	app/src/commissioning.c:crc32_mpeg2; Factory table recurrence and source bit recurrence implement CRC-32/MPEG-2 with init 0xffffffff, polynomial 0x04c11db7 and no reflection/final XOR; commissioning hashes identical byte ranges.	0x00024682,0x000248b2,0x00024a02,0x00024a3e,0x00024cdc,0x00024e2c
0x00021eb0	0x00021ec5	0x16	FUN_00021eb0	000252f4		source_behavior_mapped	crc_clock_enable	board/src/board_crc_hc32f448.c:board_crc_enable_clock; Exact FCG0PC unlock, FCG0 CRC-bit clear and FCG0PC relock sequence.	0x00025340
0x00021ed0	0x00021f1f	0x50	FUN_00021ed0	00021c1c	00021c98,00022f40,00023460,00023494	source_behavior_mapped	aes256_encrypt_block	common/src/aes256_ctr.c:encrypt_with_schedule; Round structure and source mapping preserve AddRoundKey, 13 full rounds, final SubBytes/ShiftRows/AddRoundKey; all lookup paths now use the fixed factory SRAM S-box.	0x00021c4e
0x00021f20	0x00021f25	0x6	FUN_00021f20	00021cc8,00021fc4		source_behavior_mapped	short_busy_wait	board/src/board_mcan_hc32f448.c:mcan_transition_delay; Both factory MCAN configuration paths call with 16; source executes exactly sixteen volatile NOP iterations immediately before clearing CCCR.INIT.	0x00021e24,0x00022186
0x00021f28	0x00021f5b	0x34	FUN_00021f28	00022c10,000246f8,00024ec0,000252f4,000256c8,000257c4,000266e8,00026eb8,1fffa4e6		source_behavior_mapped	delay_ms	board/src/board_delay_hc32f448.c:board_delay_ms; Source uses two 50000-tick TMRA1 periods per millisecond with the exact CNTER, START, UDFF poll and clear order.	0x00022c36,0x00022c46,0x00022c70,0x00022c80,0x00024a14,0x00024a50,0x00024ed2,0x00025324,0x000253ca,0x00025752,0x00025ac0,0x00025b20,0x00025dfa,0x00026386,0x0002670e,0x00026fc8
0x00021f60	0x00021fbd	0x5e	FUN_00021f60	00022244,00022ca8,00024448,00024b20,00024ec0,000252f4,000257c4,000264a4,00026d00		source_behavior_mapped	delay_us	board/src/board_delay_hc32f448.c:board_delay_us; Source chunks values above 500 us into 50000 ticks, then always executes the final remainder period using 100 ticks/us and exact TMRA1 flag order.	0x000222da,0x00022cfa,0x00022d0c,0x00022d58,0x00022d66,0x00022db2,0x00022dc0,0x00022e0c,0x00022e1e,0x00022e6a,0x00022e80,0x00022ecc,0x00022ede,0x00022f20,0x000244ac,0x00024b8a,0x00024c2e,0x00024d7a,0x00024f02,0x00025442,0x0002544e,0x0002545a,0x00025466,0x00025852,0x00026504,0x00026588,0x0002662e,0x00026d5e
0x00021fc4	0x0002386b	0x20e	FUN_00021fc4		00021f20,00023816,0002386c	source_behavior_mapped	mcan1_configure_fd	board/src/board_mcan_hc32f448.c:mcan_init_fd/mcan_init_common; Source preserves FD selector timing table, ordered CCCR/TEST/NBTP/DBTP/TDCR writes, exact message-RAM/register order, sixteen-cycle transition wait and INTC/NVIC tail.		0x00022558,0x00022bc0,0x00029ed0
0x000221f4	0x00022237	0x44	FUN_000221f4	000252f4		source_behavior_mapped	initialize_status_and_read_hardware_variant	board_identity_hc32f448.c:board_identity_initialize_status_and_read_variant; Single PWPR window writes PH2/PC13 POUTE then PC14/PC15 PUU, selects red through POSRC/PORRH and returns PIDRC[15:14]; removes prior split-path extra MMIO writes and barriers.	0x00025328
0x00022244	0x00022511	0x2cc	FUN_00022244		00020734,00021f60,0002379c,00026e04	source_behavior_mapped	debug_uart_receive_irq	app/src/interrupts.c:debug_uart_receive_irq / app/src/debug_console.c:debug_console_process_frame; DMA snapshot/reload, retained-byte behavior, every command gate/state transition, fixed staging copy, reset path and common DMA-enable epilogue are represented and covered by the isolated malformed-frame test.		0x00020050
0x00022570	0x00022647	0xd8	FUN_00022570	00026eb8		source_behavior_mapped	aes256_key_expansion_240bytes	common/src/aes256_ctr.c:expand_key; AES-256 240-byte schedule, RotWord/SubWord/Rcon cadence and the intermediate SubWord arm are represented; S-box reads resolve to fixed 0x1fffc678.	0x00026ef6
0x00022658	0x0002282d	0x1d6	FUN_00022658	000252f4	00020474,000207be,0002199c,00027ad8	source_behavior_mapped	load_and_validate_calibration	app/src/platform.c:platform_load_motor_calibration; Motor/zero/output records, NaN-only normalization, fixed-state selective writes, 4095-step validation, diagnostics, fault ordering and success GPIO writes are mapped; see CALIBRATION_LOADER_AUDIT.md.	0x00025348,0x0002556c
0x000228c0	0x00022b81	0x2c2	FUN_000228c0	000252f4	000207be,000219a6,00025138	source_behavior_mapped	load_motor_configuration	app/src/platform.c:platform_load_parameters/platform_initialize_runtime; Erased-template handling, 37-word fixed staging copy, normalization, MCAN dispatch-before-cache order, 24-word cache and derivation handoff are mapped; see CONFIG_DERIVATION_AUDIT.md.	0x00025366
0x00022c10	0x00022c93	0x84	FUN_00022c10	000252f4	00021f28,000230c4,00023170,000231ec	source_behavior_mapped	position_sensor_configure	board/src/board_position_hc32f448.c:configure_sensor_registers; Factory disassembly proves the 11-register stack image, fixed readback 0x1ffff3bc, fixed expected image 0x1fffa65c, high-byte reads, 11/10 loop bounds, mismatch-only writes and 1/25/5 ms delay order; fixed objects are linker- and contract-asserted.	0x00025344
0x00022ca8	0x00022f29	0x282	FUN_00022ca8	000256c8	00021f60	source_behavior_mapped	power_stage_switch_response_test	board/src/board_power_stage_hc32f448.c:board_power_stage_self_test; GPIO setup, six latch/ADC sequences, clear-before-DR0 order, inclusive threshold and failure-bit layout are mapped; see POWER_STAGE_STARTUP_AUDIT.md.	0x000256d6
0x00022f40	0x00022fa9	0x6a	FUN_00022f40	00021ed0	00027034	source_behavior_mapped	aes_mix_columns	common/src/aes256_ctr.c:mix_columns; Factory column transform and source use the same total-XOR and four adjacent xtime updates; xtime is mapped to common/src/aes256_ctr.c:xtime.	0x00021ef0
0x00022fac	0x000230ad	0x102	FUN_00022fac	000252f4		source_behavior_mapped	pwm_timer_init	board/src/board_sampling_timer_hc32f448.c:board_sampling_timer_init; Factory 0x22fac register sequence is mapped through GPIO function select, TMR4 compare/dead-time/special-event setup, INTC/NVIC enable and final output/start writes; source preserves the observed MMIO order.	0x000253e4
0x000230c4	0x0002314f	0x8c	FUN_000230c4	00022c10		source_behavior_mapped	position_sensor_dma_configure	board/src/board_position_hc32f448.c:configure_dma; Factory 0x230c4 PWC unlock/clock sequence, DMA2 SAR/DAR/config/clear/mask order, AOS trigger and IRQ16 setup are mapped; DAR literal 0x1fffa666 is now a dedicated linker- and contract-asserted halfword.	0x00022c8c
0x00023170	0x000231dd	0x6e	FUN_00023170	00022c10		source_behavior_mapped	position_sensor_spi_gpio_configure	board/src/board_position_hc32f448.c:configure_pins_and_spi; Factory 0x23170 SPI3 clock gate, one PWPR window, PB9/PB8/PB5 controls, PSPCR mask, PB9/PB8/PB5/PB4 function order, lock and CFG2/CFG1/CR enable order are represented.	0x00022c1c
0x000231ec	0x00023201	0x16	FUN_000231ec	00022c10		source_behavior_mapped	position_sensor_spi_transfer16	board/src/board_position_hc32f448.c:spi_transfer; Factory 0x231ec polls SR.TDEF, writes DR, polls SR.RDFF, reads DR and returns UXTH with no timeout or extra status clearing; source matches that behavior.	0x00022c30,0x00022c3c,0x00022c6a,0x00022c76
0x00023208	0x00023431	0x22a	FUN_00023208	000252f4	00023830	source_behavior_mapped	system_clock_and_systick_init	board/src/board_clock_hc32f448.c:board_clock_init; Factory 0x23208 MMIO order is mapped from entry FCG capture and IRQ1/2/3 masking through SCFGR, XTAL start/stability lock order, SRAM/flash wait states, PLLH source/config/start, FCG restore, SysTick and TMRA1 setup; DM4310 removes the former second FCG capture, pre-stability locks and private clock-ready write.	0x00025300
0x00023460	0x00023491	0x32	FUN_00023460	00021ed0		source_behavior_mapped	aes_shift_rows	common/src/aes256_ctr.c:encrypt_with_schedule; The explicit sixteen-byte source permutation is the factory AES ShiftRows mapping.	0x00021eea,0x00021f0e
0x00023494	0x000234b7	0x24	FUN_00023494	00021ed0		source_built_fixed_state	aes_sub_bytes	common/src/aes256_ctr.c:encrypt_with_schedule; Factory 0x23494 substitutes all sixteen state bytes through literal 0x1fffc678; the single source S-box is scatter-loaded there after BSS clear and its 0x100-byte address/size are linker- and contract-asserted.	0x00021ee4,0x00021f08
0x000234bc	0x00023539	0x78	FUN_000234bc	00023554		source_behavior_mapped	SystemCoreClockUpdate	third_party/HC32F448_DDL_Rev1.3.0/drivers/cmsis/Device/HDSC/hc32f4xx/Source/system_hc32f448.c:SystemCoreClockUpdate; Factory 0x234bc matches the CMSIS source clock selector and PLL arithmetic; its literal state pair is now fixed and contract-asserted as SystemCoreClock@0x1ffff4f0 followed by HRC_VALUE@0x1ffff4f4.	0x00023560
0x00023554	0x0002356b	0x18	FUN_00023554	00020368	000234bc	source_behavior_mapped	SystemInit	third_party/HC32F448_DDL_Rev1.3.0/drivers/cmsis/Device/HDSC/hc32f4xx/Source/system_hc32f448.c:SystemInit; Factory 0x23554 enables CP10/CP11, calls SystemCoreClockUpdate and writes VTOR=0; the compiled CMSIS source preserves the same three operations and ordering.		0x000203b0
0x00023574	0x00023591	0x1e	FUN_00023574	0002359c		source_behavior_mapped	debug_uart_timeout_init	board/src/board_uart_hc32f448.c:configure_receive_timeout; Factory 0x23574 releases TMR0_1 then writes CNTAR=0, BCONR=0x5530, CMPAR=100 and STFLR=0 in that order; the DM4310 source path matches without the former preliminary BCONR clear.	0x000235a6
0x0002359c	0x00023761	0x1c6	FUN_0002359c	000252f4,000256c8	00023574,00027b3c	source_behavior_mapped	debug_usart1_dma_init	board/src/board_uart_hc32f448.c:init_uart; Factory 0x2359c order is mapped through timeout-first setup, USART reset image and 921600 FBME/BRR result, separate DMA1 and AOS protected clock windows, exact DMA channel-0 register subset, receiver-timeout enable and IRQ004 priority/clear/enable order.	0x00025334,0x000256e2
0x0002379c	0x000237bb	0x20	FUN_0002379c	00022244,00024448,000246f8,00024b20,000257c4,000264a4,00026d00		source_behavior_mapped	debug_uart_write	board/src/board_uart_hc32f448.c:board_uart_write; Factory 0x2379c polls TXE without timeout and emits each byte as a TDR halfword write using a wrapping 16-bit index; DM4310 removes the non-factory initialization/null rejection and preserves the 16-bit loop counter.	0x0002239e,0x000223f0,0x0002242a,0x00022464,0x0002468e,0x000248be,0x00024a0e,0x00024a4a,0x00024ce8,0x00024e38,0x000263fc,0x0002669c,0x00026d38,0x00026d56,0x00026dbc
0x000237c0	0x000237ef	0x30	FUN_000237c0	00020328		source_behavior_mapped	ieee754_double_classify_bits	app/src/dm4310_binary64_extended.c:factory_binary64_classify; factory disassembly and 10010 exact-R0 differential cases; stack/APSR not closed	0x00020b5e
0x000237f0	0x00023815	0x26	FUN_000237f0	00023be8,0002400c		source_behavior_mapped	ieee754_float_classify_bits	app/src/output_sensor.c:factory_binary32_classify; 10010 exact-R0 cases; atan2 small-ratio calls restored; other caller and APSR closure open	0x00023c62,0x00023c72,0x00023c7c,0x00023c86,0x0002410e
0x00023816	0x0002382f	0x1a	FUN_00023816	00021cc8,00021fc4		source_behavior_mapped	nvic_clear_pending_irq	core_cm4.h:__NVIC_ClearPendingIRQ; Nonnegative guard, ICPR indexed word store at 0xe000e280, no hardware barrier; audited against factory 0x23816..0x2382f.	0x00021e4a,0x000221ae
0x00023830	0x00023851	0x22	FUN_00023830	00023208		source_behavior_mapped	nvic_disable_irq_with_barriers	core_cm4.h:__NVIC_DisableIRQ; Nonnegative guard, ICER indexed word store at 0xe000e180 followed by DSB and ISB; previous enable classification was incorrect.	0x0002321c,0x00023222,0x00023228
0x00023852	0x0002386b	0x1a	factory_nvic_enable_irq			source_behavior_mapped	nvic_enable_irq	core_cm4.h:__NVIC_EnableIRQ; Independent leaf body formerly contained in discontiguous Ghidra range for 0x21fc4; nonnegative guard and ISER indexed word store at 0xe000e100, no hardware barrier.	0x00021e54
0x0002386c	0x0002388b	0x20	FUN_0002386c	00021cc8,00021fc4		source_behavior_mapped	nvic_set_priority	core_cm4.h:__NVIC_SetPriority; Four priority bits: external byte at 0xe000e400+irq; negative IRQ byte at 0xe000ed14+(irq&15). CMSIS SHP base 0xe000ed18 and index subtraction by four give the same address.	0x00021e44,0x000221a8
0x00023890	0x000242af	0x30e	FUN_00023890	000257c4	000208d6,00024188,00026e20,000270d8,00027228,00027558,00027754,00027904	source_behavior_mapped	factory_double_acos	app/src/commissioning_math.c:commissioning_factory_acos; Confirmed acos, not legacy atan label. Original coefficients, range splits, root truncation/correction and fixed errno reproduced; 3144 actual ARM comparisons match result/FPSCR/SP/errno. Soft-double primitive equivalence for all inputs remains separate work.	0x00025fba
0x00023be8	0x000242c3	0x258	FUN_00023be8	00024448,1fffa4fa	000208d6,000237f0,000242d4	source_behavior_mapped	atan2f_like_libm_kernel	app/src/output_sensor.c:dm4310_output_atan2f; factory disassembly and 15624 S0/FPSCR/errno differential cases; stack/register/fixed-entry closure open	0x00024630
0x00023e94	0x00027b3b	0xd0	FUN_00023e94	000264a4	000208d6,00027c3c	source_behavior_mapped	checked_round_float_to_int	app/src/runtime_compat.c:dm4310_runtime_round_to_int; Nearest-even intermediate followed by sign-dependent half-away adjustment, integer-bit range checks, fixed errno=1 and VCVTR.S32. 28805 comparisons across seven FPSCR modes match result/FPSCR/SP/errno. Live pole-pair estimation now calls it.	0x0002665a
0x00023f56	0x00023fcf	0x7a	FUN_00023f56	000257c4	000208d6,0002776c	source_behavior_mapped	checked_double_sqrt_hard_float	app/src/commissioning_math.c:commissioning_checked_double_sqrt; Non-NaN input producing NaN sets fixed errno=1; 4168 comparisons match result bits, FPSCR, SP and errno. Hard-float factory ABI; complete stack/register equality not proven.	0x00025fa6,0x00025fde
0x00023fd0	0x00024009	0x3a	FUN_00023fd0	000257c4,0002ab84,1fffa504	000208d6	source_behavior_mapped	checked_sqrtf	app/src/ram_helpers.c:dm4310_checked_sqrtf; Factory instructions reconstructed as ASM with relocated errno call; 2640 factory/compiled ARM checks match R0-R12, S0-S31, SP, FPSCR and runtime context. Absolute flash/return addresses differ and are not claimed byte-identical.	0x000263aa
0x0002400c	0x000242cd	0x152	FUN_0002400c	000257c4	000208d6,000237f0,000242d4,000242e4	source_behavior_mapped	factory_tanf_range_reduce_and_poly	app/src/commissioning_math.c:dm4310_identification_tanf; All range branches reconstructed in C with factory VMLA/VMLS and errno helper; 8743 comparisons cover result, full FPSCR, SP and errno across special/random inputs and seven FPSCR modes. Not complete register/stack-byte proof.	0x0002639a
0x00024188	0x0002427f	0xf8	FUN_00024188	00023890	000270d8,00027558	source_behavior_mapped	double_horner_polynomial_eval	app/src/commissioning_math.c:commissioning_polynomial; Ascending coefficient table, start at count-1, separate multiply then add for descending indices; shared by both acos polynomials. Covered through 3144 compiled acos comparisons, not complete standalone ABI/access proof.	0x00023952,0x00023974,0x00023a08,0x00023a2a,0x00023af6,0x00023b18
0x000242d4	0x000242dd	0xa	FUN_000242d4	00023be8,0002400c		source_behavior_mapped	libm_force_underflow_square	app/src/runtime_compat.c:dm4310_runtime_force_underflow; 256 full core/VFP register and APSR/FPSCR differential cases; both atan2/tan consumers use the shared source-authored helper.
0x000242e4	0x0002441f	0x13c	FUN_000242e4	0002400c		source_behavior_mapped	tanf_large_argument_reduction	app/src/commissioning_math.c:commissioning_reduce_tangent; Factory table at 0x28580, three UMULL-equivalent products, carry propagation, split fixed-point float reconstruction and pi residual sequence restored. Covered through actual compiled tanf executions; not full helper ABI/register equivalence.	0x000240f8
0x00024438	0x00024445	0xe	FUN_00024438	000205fc		source_behavior_mapped	factory_decimal_digit	app/src/debug_console.c; RESTORATION_PROGRESS.md:1256 exact-R0 cases; fixed-entry/APSR/caller open	0x00020666,0x000206b4
0x00024448	0x000246af	0x268	FUN_00024448	000246f8	0002199c,000219b0,000219ba,00021e88,00021f60,0002379c,00023be8,00027074,000270d8,00027228,000274d8,00027558,00027754,00027ad8	source_behavior_mapped	dm4310_position_sensor_calibration_inner_sweep	app/src/commissioning.c:commissioning_run_output_sensor_calibration; Inner bidirectional sweep, drive/sensor helper order, sample accumulation, CRC/reporting state and delay cadence are represented under the complete outer-body hash contract.	0x00024a18
0x000246f8	0x00024ab7	0x3c0	FUN_000246f8	000252f4	00020474,0002199c,000219b0,000219ba,00021e88,00021f28,0002379c,00024448,00027ad8	source_behavior_mapped	dm4310_output_calibration_outer_flow	app/src/commissioning.c:commissioning_run_output_sensor_calibration; Complete 0x246f8..0x24b1f body is hash-pinned; source preserves unauthenticated entry, IRQ ownership, sweep/calibration writes, reply-before-IRQ-restore and neutral exit.	0x000255bc
0x00024b20	0x00024e73	0x354	FUN_00024b20	000252f4	0002199c,000219b0,000219ba,00021e88,00021f60,0002379c,00026eb8,00027074,000270d8,00027228,000274d8,00027532,00027558,00027754,00027904,00027ad8	source_behavior_mapped	measure_encoder_alignment	app/src/commissioning.c:run_alignment_scan; Source preserves drive ramp, angle sampling, direction/pole-pair dependent state updates, fixed delays and final neutral/IRQ restoration ownership.	0x00025532
0x00024ea8	0x00024eb9	0x12	factory_debug_uart_character_writer	00020de0		source_behavior_mapped	debug_uart_character_writer	app/src/debug_console.c:platform_debug_write callback path; Formatter parser/stream regressions compare every emitted byte and callback ordering against this factory entry; source transports equivalent one-byte writes through the board UART API.
0x00024ec0	0x000250a3	0x1e4	FUN_00024ec0	000252f4	00020474,000219c4,00021f28,00021f60,00027ad8	source_behavior_mapped	validate_current_sensors	board/src/board_adc_hc32f448.c:board_adc_calibrate_output_sensor/board_adc_configure_runtime_sampling; 1000-pass ADC/SPI sequence, VMUL averaging, raw-bit U/V validation, diagnostics, fixed-state alignment and ADC trigger order are mapped; see CURRENT_SENSOR_STARTUP_AUDIT.md.	0x0002536a
0x00025138	0x000252a7	0x170	FUN_00025138	000228c0,000257c4,00026d00,1fffa4dc	00026eb8	source_behavior_mapped	derive_control_parameters	app/src/platform.c:platform_derive_control_parameters; Authentication, bus-threshold D/Q gains, controller/observer order and selective observer reset are mapped; caller-owned speed/position gains are preserved. See CONFIG_DERIVATION_AUDIT.md.	0x00022a8c,0x00026436,0x00026d90
0x000252d8	0x000252e9	0x12	FUN_000252d8	00026de8,00026e04,00026e90		source_behavior_mapped	copy_persistent_configuration	app/src/platform.c:stage_boot_record; Exact five-word copy from flash 0x1e000 to fixed staging 0x1fffc824 is shared by all three mutators; see BOOT_RECORD_MUTATION_AUDIT.md.	0x00026dea,0x00026e06,0x00026ea0
0x000252f4	0x000255c3	0x2d0	FUN_000252f4	00020368	00020474,000219a6,00021a00,00021b00,00021eb0,00021f28,00021f60,000221f4,00022658,000228c0,00022c10,00022fac,00023208,0002359c,000246f8,00024b20,00024ec0,000256c8,000257c4,000264a4,00026758,00026d00,00026de8,00026e90,00027ad8	source_behavior_mapped	dm4310_main_commissioning_event_dispatch	app/src/main.c:main/service_deferred_events; Startup call order, overvoltage halt, fixed event-word priority, commissioning workers, FCB/calibration post-flash state and MCAN STORE/persist handoff are mapped against 0x252f4..0x255c3; see MAIN_DISPATCH_AUDIT.md.	0x00020372
0x000256c8	0x0002575b	0x94	FUN_000256c8	000252f4	00020474,000207be,00021f28,00022ca8,0002359c	source_behavior_mapped	power_stage_self_test_or_halt	app/src/platform.c:halt_on_power_stage_failure; UART reinitialization, bit-template writes, three-print loop, exact LED GPIO writes and 500 ms cadence are mapped; see POWER_STAGE_STARTUP_AUDIT.md.	0x0002533c
0x000257c4	0x00026481	0xc0c	FUN_000257c4	000252f4	00020474,000207be,0002199c,000219b0,000219ba,000219ce,000219d8,000219e2,000219ec,00021f28,00021f60,0002379c,00023890,00023f56,00023fd0,0002400c,00025138,00026eb8,00027074,000270d8,00027228,00027558,00027ad8	source_behavior_mapped	dm4310_run_motor_parameter_identification	app/src/commissioning.c:commissioning_run_motor_identification; Complete 0x257c4..0x264a3 body is hash-pinned; source reproduces entry/exit, 60000/40000/80000+20000 stages, fixed helper ABIs and staged parameter updates.	0x0002559e
0x000264a4	0x000266a7	0x204	FUN_000264a4	000252f4	0002199c,000219b0,000219ba,00021f60,0002379c,00023e94,00026eb8	source_behavior_mapped	dm4310_detect_motor_direction_and_pole_pairs	app/src/commissioning.c:commissioning_run_direction_and_alignment; Complete 0x264a4..0x266e7 body is hash-pinned; source preserves table clear, direction/pole-pair measurement, staged writes, acknowledgement and delegated final neutral/IRQ restoration.	0x0002552e
0x000266e8	0x00026727	0x40	FUN_000266e8		00020474,00021f28,00027ad8	source_behavior_mapped	platform.c:halt_on_bus_overvoltage	factory disassembly and fixed VBUS state
0x00026758	0x000269fb	0x2a4	FUN_00026758	000252f4	00020474,00027ad8	source_behavior_mapped	debug_print_device_info	app/src/debug_console.c:debug_console_print_status; Print order/formats, fixed Imax, fixed hardware variant, live MCAN timing calculation, fixed runtime/config fields and mode arms are mapped; see DEBUG_STATUS_AUDIT.md.	0x000253a0
0x00026d00	0x00026dc9	0xca	FUN_00026d00	000252f4	000203c8,00020734,000219a6,00021f60,0002379c,00025138	source_behavior_mapped	handle_firmware_control_request	app/src/firmware_control.c:firmware_control_service; All request arms reproduce the unconditional 0x82 allocation, exact staging copies, acknowledgements, fixed-state updates, reset order and returning-path free/coalescing behavior.	0x000255ac
0x00026de8	0x00026dff	0x22	FUN_00026de8	000252f4	000252d8	source_behavior_mapped	select_configuration_bank_a	app/src/platform.c:platform_confirm_application_boot; Predicate, five-word staging copy, word1-before-word0 mutation and fixed-writer tail are mapped; see BOOT_RECORD_MUTATION_AUDIT.md.
0x00026e04	0x00026e1b	0x18	FUN_00026e04	00022244,1fffa4f0	000252d8	source_behavior_mapped	select_configuration_bank_b	app/src/platform.c:platform_select_configuration_bank_b; Five-word staging copy, word0-before-word1 update request and fixed-writer tail are mapped; see BOOT_RECORD_MUTATION_AUDIT.md.	0x000222d4
0x00026e20	0x00026e8d	0x6e	FUN_00026e20	00023890	000208d6,0002776c	source_behavior_mapped	checked_double_sqrt_soft_float	app/src/commissioning_math.c:commissioning_checked_double_sqrt; Same value/errno semantics as 0x23f56, but factory passes/returns through R0/R1 rather than D0. 4168 comparisons account for that ABI distinction and match result, FPSCR, SP and errno; not complete register/stack equality.	0x00023a4a,0x00023aa0
0x00026e90	0x00026eaf	0x20	FUN_00026e90	000252f4	000252d8	source_behavior_mapped	store_application_identity	app/src/platform.c:platform_update_application_identity; Main's ASCII `5017` normalization, word3 predicate, five-word staging copy, selective word3 update and fixed-writer tail match; see BOOT_RECORD_MUTATION_AUDIT.md.	0x0002531a
0x00026eb8	0x00026fd7	0x120	FUN_00026eb8	00024b20,00025138,000257c4,000264a4	00020474,000207be,00021c1c,00021f28,00022570	source_behavior_mapped	enforce_device_key_binding_or_halt	app/src/platform.c:platform_require_device_authentication; device_auth.c token; 35 AES token and 8 UID/OTP trace cases; delay/printf abstracted and stack closure open	0x00024b68,0x0002513a,0x0002583c,0x000264c6
0x00027034	0x00027045	0x12	FUN_00027034	00022f40		source_behavior_mapped	aes_gf256_xtime	common/src/aes256_ctr.c:xtime; 10256 factory exact-R0 cases including all bytes; full-register/fixed-entry closure open	0x00022f5c,0x00022f72,0x00022f84,0x00022f94
0x00027048	0x00027069	0x22	FUN_00027048	00020344	00021140	source_behavior_mapped	runtime_select_locale	app/src/runtime_compat.c; RESTORATION_PROGRESS.md:12096-case pointer/input-read pass; stack/register/fixed-entry open	0x0002035c
0x00027074	0x00027c3b	0x62	FUN_00027074	00024448,00024b20,000257c4	000276ac	source_behavior_mapped	factory_double_to_float	app/src/runtime_compat.c:__aeabi_d2f; One DM4310-owned compiler runtime entry replaces libgcc d2f globally; integer rounding, signed-zero flush, overflow and canonical NaN. 4252 actual AAPCS comparisons match result/FPSCR/SP. Not complete register/stack equality.	0x000245a8,0x00024620,0x00024be8,0x00024c9a,0x00024cb8,0x00024d34,0x00024de6,0x00024e04,0x00025fc2,0x00025fe6
0x000270d8	0x0002721f	0x13c	FUN_000270d8	00023890,00024188,00024448,00024b20,000257c4	000276ac	source_behavior_mapped	factory_softdouble_add_entry	app/src/dm4310_extended_core.S; 1024 raw cases each add/sub/reverse-sub including exceptional operands match registers/APSR/SP and 16 stack bytes; explicit code-pointer relocation; fixed entry/full commissioning integration open	0x00023988,0x000239ea,0x00023a3e,0x00023a7a,0x00023abc,0x00023b2c,0x00023b4c,0x00023b60,0x000241ca,0x000241fe,0x00024212,0x0002422e,0x00024242,0x0002425e,0x00024272,0x0002428a,0x00024578,0x00024bb8,0x00026146,0x000261a8,0x000261c0
0x00027228	0x0002744f	0x21a	FUN_00027228	00023890,00024448,00024b20,000257c4	000276ac	source_behavior_mapped	softdouble_div_core_0x27228	app/src/dm4310_extended_core.S; integrated factory arithmetic and selector continuations; isolated 1024 raw cases match r0-r12/APSR/SP/24 stack bytes and explicitly relocated code pointers; absolute entries/full commissioning integration/timing open	0x00023998,0x00023a5a,0x00023ae0,0x00023b3c,0x000242a6,0x0002461c,0x00024c8e,0x00024cb4,0x00024dda,0x00024e00,0x00025fb2,0x00025fd6
0x000274d8	0x0002752f	0x58	FUN_000274d8	00024448,00024b20	000276ac	source_behavior_mapped	factory_double_to_uint32	app/src/runtime_compat.c:dm4310_runtime_double_to_uint; Raw integer exponent/mantissa extraction, ARM shift>=32 zero, negative zero-result, positive overflow saturation; unary descriptor 0x24802492 action4 NaN low-word zero and action0 positive infinity saturation have no errno/FPSCR/MMIO writes. DM4310-only d2uiz link wrap added. Source/disassembly proof, not full register/stack equality.	0x00024588,0x00024bc8,0x00024d14
0x00027532	0x00027557	0x26	FUN_00027532	00024b20		source_behavior_mapped	factory_uint32_to_double	app/src/runtime_compat.c:__wrap___aeabi_ui2d; Unsigned CLZ normalization and zero case, not the old signed interpretation. 4196 actual ARM comparisons match result/FPSCR/SP. DM4310-only linker wrap redirects compiler callers. Not full register/stack proof.	0x00024c7a,0x00024dc6
0x00027558	0x00027753	0x138	FUN_00027558	00023890,00024188,00024448,00024b20,000257c4	000276ac	source_behavior_mapped	softdouble_mul_core_0x27558	app/src/dm4310_extended_core.S; integrated factory arithmetic and selector continuations; isolated 1024 raw cases match r0-r12/APSR/SP/24 stack bytes and explicitly relocated code pointers; absolute entries/full commissioning integration/timing open	0x0002393c,0x0002395e,0x00023980,0x000239ac,0x000239f2,0x00023a14,0x00023a36,0x00023a62,0x00023a82,0x00023a98,0x00023ad0,0x00023b02,0x00023b24,0x00023b44,0x00023b68,0x000241b0,0x000241f2,0x00024206,0x00024222,0x00024236,0x00024252,0x00024266,0x00024584,0x00024bc4,0x00024d10,0x00025f9e
0x000276ac	0x00027747	0x98	FUN_000276ac	00027074,000270d8,00027228,000274d8,00027558,0002776c,00027904		source_behavior_mapped	softfloat_exception_or_nan_propagate_0x276ac	app/src/dm4310_extended_core.S; integrated add/sub exceptional calls; 2048 raw selector cases all registers/APSR/SP/LR/continuations/frame match; absolute entry/nested callchain open	0x000270c0,0x0002721a,0x00027420,0x00027522,0x00027670,0x000278ec,0x00027ac2
0x00027754	0x00027769	0x16	FUN_00027754	00023890,00024448,00024b20		source_behavior_mapped	factory_softdouble_reverse_subtract_entry	app/src/dm4310_extended_core.S; 1024 raw cases each add/sub/reverse-sub including exceptional operands match registers/APSR/SP and 16 stack bytes; explicit code-pointer relocation; fixed entry/full commissioning integration open	0x000239b4,0x000239c0,0x000239c8,0x00023a8a,0x00023a90,0x00023ad8,0x000245a4,0x00024be4,0x00024d30
0x0002776c	0x000278ff	0x162	FUN_0002776c	00023f56,00026e20	000276ac	source_behavior_mapped	factory_integer_double_sqrt	app/src/commissioning_math.c:commissioning_double_sqrt_core; Original seed/refinement/rounding and unary special dispatch reconstructed in C, no toolchain sqrt fallback. 4168 result/FPSCR/SP comparisons including arbitrary raw bits. Shared dispatcher 0x276ac is not fully restored for other operations.	0x00023f6a,0x00026e2c
0x00027904	0x00027ad3	0x1d0	FUN_00027904	00023890,00024b20	000276ac	source_behavior_mapped	factory_softdouble_subtract_entry	app/src/dm4310_extended_core.S; 1024 raw cases each add/sub/reverse-sub including exceptional operands match registers/APSR/SP and 16 stack bytes; explicit code-pointer relocation; fixed entry/full commissioning integration open	0x00023a6a,0x00024c96,0x00024d04,0x00024de2
0x00027ad8	0x00027b1f	0x48	FUN_00027ad8	00022658,00024448,000246f8,00024b20,00024ec0,000252f4,000257c4,000266e8,00026758	00027b9c	source_behavior_mapped	factory_float_to_double	app/src/runtime_compat.c:__wrap___aeabi_f2d; Integer expansion, signed-zero/subnormal flush, infinity and canonical NaN; 4107 comparisons match result/FPSCR/SP. DM4310-only linker wrap redirects compiler callers without duplicate libgcc symbols. Complete register/stack equality not proven.	0x000227f0,0x00024570,0x0002459c,0x0002460c,0x00024a58,0x00024a62,0x00024a6e,0x00024a7a,0x00024b5c,0x00024bdc,0x00024c6e,0x00024d28,0x00024db8,0x00024f7c,0x00024fa0,0x000253d0,0x0002613e,0x000261a0,0x000261b8,0x00026714,0x0002683a,0x0002684e,0x00026862,0x0002687a,0x0002688e,0x000268a2,0x000268ec,0x00026914,0x00026936,0x0002694a,0x0002695e
0x00027b3c	0x00027b9b	0x4c	FUN_00027b3c	0002359c		source_behavior_mapped	uint64_to_float_softfloat_round_pack_0x27b3c	app/src/runtime_compat.c:dm4310_runtime_uint64_to_float; arithmetic-only ASM; 10125 results plus 4000 full-register/APSR/no-stack cases match; UART caller restored; fixed placement/timing open	0x000236a2
0x00027b9c	0x00027c27	0x88	FUN_00027b9c	00027ad8,00027c3c		source_behavior_mapped	softfloat_binary_op_dispatch_or_nan_table_0x27b9c	app/src/dm4310_extended_core.S; 2048 raw selector cases all eight actions match registers/APSR/SP/LR/continuation/frame; integrated f2d including 27b20 out-of-range NaN continuation, 1024 raw conversion cases pass; rounding C dispatch/fixed entry/full integration open	0x00027b0e,0x00027c94
0x00027c28	0x00027c31	0xa	FUN_00027c28	00020344		source_behavior_mapped	c_runtime_fpscr_initialize	app/src/runtime_compat.c:dm4310_runtime_initialize; Factory MOV.W 0x03000000 followed by VMSR FPSCR is reproduced with __set_FPSCR before context and heap initialization.	0x00020346
0x00027c3c	0x00027c9f	0x64	FUN_00027c3c	00023e94	00027b9c	source_behavior_mapped	float_round_nearest_even_bits	app/src/runtime_compat.c:runtime_round_even_bits; Original signed-zero behavior, mantissa tie-to-even and canonical NaN dispatch reconstructed in C. Covered through 28805 checked-wrapper comparisons; no complete standalone ABI/register proof.	0x00023ea2
0x00028cc0	0x00028da3	0xe4	FUN_00028cc0			source_built_fixed_entry	board_flash:write_boot_record_from_sram	direct branch closure via veneer 0x219f6
0x0002a2c0	0x0002a3cb	0x104	FUN_0002a2c0			source_behavior_mapped	svpwm_timer_compare_update_0x2a2c0	app/src/ram_helpers.c:dm4310_svpwm_helper / board_sampling_timer_write_space_vector; Factory flash load image maps exactly to runtime 0x1fff9c40; source installs the fixed helper and preserves sector selection and compare-write behavior.
0x0002a448	0x0002a4c3	0x7c	FUN_0002a448			source_behavior_mapped	clear_control_runtime_state_0x2a448	app/src/ram_helpers.c:dm4310_reset_control_state_helper / dm4310_reset_control_state_step; Factory flash load image maps to runtime 0x1fff9dc8; source installs the fixed no-argument ABI and performs the recovered selective state reset.
0x0002a65e	0x0002a6f9	0x9c	FUN_0002a65e			source_behavior_mapped	motion_observer_state_step	app/src/ram_helpers.c:dm4310_motion_observer_helper / dm4310_motion_observer_state_step; Factory flash load image maps to runtime 0x1fff9fde; source preserves all fifteen fields, VMLA dependency order, stores and ordered NaN-preserving clamp.
0x0002a6fa	0x0002a797	0x9e	FUN_0002a6fa			source_behavior_mapped	current_controller_state_step	app/src/ram_helpers.c:dm4310_current_controller_helper / dm4310_current_controller_state_step; Factory flash load image maps to runtime 0x1fffa07a; source preserves all nineteen fields, four VMLAs, store dependencies and ordered NaN-preserving clamp.
0x0002aa0a	0x0002aa29	0x20	FUN_0002aa0a			source_behavior_mapped	clampf_like_0x2aa0a	app/src/ram_helpers.c:dm4310_clamp_helper; Runtime 0x1fffa38a contains the original 32-byte instruction body; compiled section is byte-identical to factory scatter image.
0x0002aa94	0x0002aae9	0x56	FUN_0002aa94		0002ab84	source_behavior_mapped	clamp_vector2_magnitude	app/src/ram_helpers.c:dm4310_limit_vector_helper; Runtime 0x1fffa414 contains the original 86-byte instruction body including BL to fixed sqrt veneer; compiled section is byte-identical to factory scatter image.
0x0002ab84	0x0002ab8d	0xa	thunk_FUN_00023fd0	0002aa94	00023fd0	source_behavior_mapped	checked_sqrt_helper_veneer	app/src/ram_helpers.c:dm4310_sqrt_helper / dm4310_checked_sqrtf; Factory flash load image maps to runtime 0x1fffa504 and tail-calls 0x23fd0; source fixed veneer targets the checked sqrt implementation with the same runtime-status side effect.
0x1fff8000	0x1fff8135	0x136	FUN_1fff8000	1fff8136		source_built_fixed_entry	callable_helper	SRAM_ENTRY_AUDIT.md	0x1fff8536
0x1fff8136	0x1fff862f	0x492	FUN_1fff8136		1fff8000,1fff987c,1fff9c40,1fff9dc8,1fff9fde,1fffa07a,1fffa30c,1fffa38a,1fffa3aa,1fffa414	source_built_fixed_entry	irq002	SRAM_ENTRY_AUDIT.md		0x00020048
0x1fff8640	0x1fff8723	0xe4	factory_boot_record_writer	000219f6		source_built_fixed_entry	boot_record_flash_writer	board/src/board_flash_hc32f448.c:write_boot_record_from_sram; Source is linked and startup-copied to exact runtime entry 0x1fff8640; 65 differential cases cover ordered register/Flash accesses, five-word payload and completion state.
0x1fff8744	0x1fff876f	0x2c	FUN_1fff8744			source_built_fixed_entry	irq000	SRAM_ENTRY_AUDIT.md		0x00020040
0x1fff8770	0x1fff88b7	0x148	FUN_1fff8770		1fffa3aa	source_built_fixed_entry	irq001	SRAM_ENTRY_AUDIT.md		0x00020044
0x1fff88b8	0x1fff982d	0x6ca	FUN_1fff88b8		1fff9950,1fffa46a,1fffa492,1fffa4e6,1fffa4f0	source_built_fixed_entry	irq003	SRAM_ENTRY_AUDIT.md		0x0002004c
0x1fff987c	0x1fff9931	0xb6	FUN_1fff987c	000219c4,1fff8136	1fffa4fa	source_built_fixed_entry	callable_helper	SRAM_ENTRY_AUDIT.md	0x1fff829c
0x1fff9950	0x1fff9a37	0xe8	FUN_1fff9950	000219a6,1fff88b8		source_built_fixed_entry	callable_helper	SRAM_ENTRY_AUDIT.md	0x1fff8a2a
0x1fff9a38	0x1fff9abf	0x88	factory_erase_sector_only			source_built_fixed_entry	source_erase_sector_only	SRAM_ENTRY_AUDIT.md
0x1fff9acc	0x1fff9b0d	0x42	FUN_1fff9acc			source_built_fixed_entry	callable_helper	SRAM_ENTRY_AUDIT.md		0x00022564,0x00022bbc,0x00029ed4
0x1fff9b0e	0x1fff9b9f	0x92	factory_send_variable_length_fd			source_built_fixed_entry	source_variable_length_fd_send	SRAM_ENTRY_AUDIT.md
0x1fff9ba0	0x1fff9c31	0x92	FUN_1fff9ba0			source_built_fixed_entry	callable_helper	SRAM_ENTRY_AUDIT.md		0x00022560,0x00022bc4,0x00029ed8
0x1fff9c40	0x1fff9d4b	0x104	FUN_1fff9c40	000219b0,1fff8136		source_built_fixed_entry	callable_helper	SRAM_ENTRY_AUDIT.md	0x1fff8612
0x1fff9d5c	0x1fff9dc7	0x6c	factory_clear_loop_states			source_built_fixed_entry	source_clear_loop_states	SRAM_ENTRY_AUDIT.md
0x1fff9dc8	0x1fff9e43	0x7c	FUN_1fff9dc8	1fff8136		source_built_fixed_entry	callable_helper	SRAM_ENTRY_AUDIT.md	0x1fff8544
0x1fff9e44	0x1fff9ea5	0x62	FUN_1fff9e44	000219ec		source_built_fixed_entry	callable_helper	SRAM_ENTRY_AUDIT.md
0x1fff9ea6	0x1fff9fdd	0x138	factory_derive_drive_controller_states			source_built_fixed_entry	source_derive_drive_controller_states	SRAM_ENTRY_AUDIT.md
0x1fff9fde	0x1fffa079	0x9c	FUN_1fff9fde	1fff8136		source_built_fixed_entry	callable_helper	SRAM_ENTRY_AUDIT.md	0x1fff84ca
0x1fffa07a	0x1fffa117	0x9e	FUN_1fffa07a	1fff8136		source_built_fixed_entry	callable_helper	SRAM_ENTRY_AUDIT.md	0x1fff852a,0x1fff8532
0x1fffa160	0x1fffa233	0xd4	FUN_1fffa160	000219ce		source_built_fixed_entry	callable_helper	SRAM_ENTRY_AUDIT.md
0x1fffa234	0x1fffa2fd	0xca	FUN_1fffa234	000219e2		source_built_fixed_entry	callable_helper	SRAM_ENTRY_AUDIT.md
0x1fffa30c	0x1fffa389	0x7e	FUN_1fffa30c	0002199c,1fff8136		source_built_fixed_entry	callable_helper	SRAM_ENTRY_AUDIT.md	0x1fff82fc
0x1fffa38a	0x1fffa3a9	0x20	FUN_1fffa38a	000219d8,1fff8136		source_built_fixed_entry	callable_helper	SRAM_ENTRY_AUDIT.md	0x1fff8222,0x1fff8236,0x1fff83ce,0x1fff83e4,0x1fff8592,0x1fff85ac,0x1fff85c6
0x1fffa3aa	0x1fffa3dd	0x34	FUN_1fffa3aa	000219ba,1fff8136,1fff8770		source_built_fixed_entry	callable_helper	SRAM_ENTRY_AUDIT.md	0x1fff82ee,0x1fff881a
0x1fffa3de	0x1fffa413	0x36	factory_wrap_angle			source_built_fixed_entry	unreferenced_arithmetic_helper	SRAM_ENTRY_AUDIT.md
0x1fffa414	0x1fffa469	0x56	FUN_1fffa414	1fff8136	1fffa504	source_built_fixed_entry	callable_helper	SRAM_ENTRY_AUDIT.md	0x1fff85e6
0x1fffa46a	0x1fffa491	0x28	FUN_1fffa46a	1fff88b8		source_built_fixed_entry	callable_helper	SRAM_ENTRY_AUDIT.md	0x1fff8c1c,0x1fff8c34,0x1fff8c4c,0x1fff8d82,0x1fff8d96,0x1fff8daa,0x1fff8dde,0x1fff8df8,0x1fff8e12,0x1fff8e7a,0x1fff8e90,0x1fff8ea6,0x1fff8fc8,0x1fff902e
0x1fffa492	0x1fffa4b9	0x28	FUN_1fffa492	1fff88b8		source_built_fixed_entry	callable_helper	SRAM_ENTRY_AUDIT.md	0x1fff8ac6,0x1fff8ada,0x1fff8aee,0x1fff8bb8,0x1fff8bcc
0x1fffa4dc	0x1fffa4e5	0xa	thunk_FUN_00025138		00025138	source_built_fixed_entry	callable_thunk	SRAM_ENTRY_AUDIT.md	0x1fff9458,0x1fff95fc
0x1fffa4e6	0x1fffa4ef	0xa	thunk_FUN_00021f28	1fff88b8	00021f28	source_built_fixed_entry	callable_thunk	SRAM_ENTRY_AUDIT.md	0x1fff9694,0x1fff978e
0x1fffa4f0	0x1fffa4f9	0xa	thunk_FUN_00026e04	1fff88b8	00026e04	source_built_fixed_entry	callable_thunk	SRAM_ENTRY_AUDIT.md	0x1fff9788
0x1fffa4fa	0x1fffa503	0xa	thunk_FUN_00023be8	1fff987c	00023be8	source_built_fixed_entry	callable_thunk	SRAM_ENTRY_AUDIT.md	0x1fff9898
0x1fffa504	0x1fffa50d	0xa	thunk_FUN_00023fd0	1fffa414	00023fd0	source_built_fixed_entry	callable_thunk	SRAM_ENTRY_AUDIT.md	0x1fffa436
