entry	ghidra_name	proposed_name	status	module	confidence	signature	source_map	notes
0x00020250	seed_00020250	reset_vector_preinit_relocation_dispatch	source_behavior_mapped	startup/runtime	factory-disassembly-linker-state	void reset_preinit_dispatch(void)	startup/startup_hc32f448.S:Reset_Handler	Reset vector 0x20389 calls SystemInit then reaches the scatter dispatcher; source combines the same reachable sequence and enters runtime setup only after all data copies and BSS clears.
0x00020258	FUN_00020258	startup_relocation_table_dispatch	source_behavior_mapped	startup/runtime	factory-disassembly-linker-state	void startup_reloc_dispatch(void)	startup/startup_hc32f448.S:Reset_Handler	Factory compressed scatter descriptors are represented by explicit linker-owned copy/clear loops; all 29 fixed initialized SRAM sections are independently checked for source and startup copy symbols.
0x0002028c	__scatterload_decompress	startup_scatterload_decompress	source_behavior_mapped	startup/runtime	factory-disassembly-linker-state	void scatterload_decompress(void)	startup/startup_hc32f448.S:Reset_Handler	Factory descriptor decompression is replaced by explicit linker-symbol copy loops; startup-copy regression checks every fixed destination, load image and byte count.
0x000202f0	__scatterload_copy	startup_scatterload_copy	source_behavior_mapped	startup/runtime	factory-disassembly-linker-state	void scatterload_copy(void)	startup/startup_hc32f448.S:Reset_Handler	Source performs the same non-overlapping initialized-region copies directly from linker-owned load ranges.
0x0002030c	__scatterload_zeroinit	startup_scatterload_zeroinit	source_behavior_mapped	startup/runtime	factory-disassembly-linker-state	void scatterload_zeroinit(void)	startup/startup_hc32f448.S:Reset_Handler	Source clears the normal and fixed BSS ranges before any application initialization; startup-copy regression checks the exact ranges.
0x00020328	FUN_00020328	printf_format_core_float_int_string	source_behavior_mapped	libc/formatting	factory-source-differential-disassembly	int-like formatter core(stream, spec, va_list*)	app/src/debug_console.c:factory_dispatch raw stream/conversion/argument-pointer entry	256 nonfloat and 256 float cases callback/context/count mutations and result match; float returns3, parser aligns all non0/non1; raw ABI/stack/full access traces/fixed entry/domain remain open
0x00020344	FUN_00020344	c_runtime_heap_errno_init	source_behavior_mapped	startup/libc	exact-disasm-state	void c_runtime_init(heap_start, heap_end)	app/src/runtime_compat.c:dm4310_runtime_initialize	Factory call order, FPSCR setup, context+0x2c initialization and heap seed state are reproduced before application main; see RUNTIME_HEAP_AUDIT.md.
0x00020364	FUN_00020364	null_fini_or_weak_hook	source_behavior_mapped	startup/libc	factory-disassembly-unreachable-callsite	void null_hook(void)	startup/startup_hc32f448.S:Reset_Handler	Factory body is an empty push/pop hook reached only after main returns; both factory and source main are permanent service loops, so this compiler finalization path is unreachable.
0x00020368	FUN_00020368	runtime_main_after_scatterload_and_app_dispatch	source_behavior_mapped	startup/runtime	factory-disassembly-reachable-prefix	void runtime_main_entry(void)	startup/startup_hc32f448.S:Reset_Handler	Reachable sequence runtime-context init, heap init and application main is reproduced after scatter loading; factory exit/fini tail is unreachable because main never returns.
0x00020388	Reset_Handler	cortexm_reset_entry_calls_init_and_main	source_behavior_mapped	startup	factory-disassembly-vector-state	void Reset_Handler(void)	startup/startup_hc32f448.S:Reset_Handler	Factory loads SystemInit then tail-enters the scatter dispatcher; source preserves that order and the full copy/clear contract is checked separately.
0x00020390	NMI_Handler	infinite_loop_nmi_handler	source_behavior_mapped	startup/exception	exact-disassembly-vector-behavior	void NMI_Handler(void)	startup/startup_hc32f448.S:__Vectors/Default_Handler	Factory body is a two-byte self-loop; source vectors every unimplemented exception/IRQ to an explicit non-returning self-loop.
0x00020392	HardFault_Handler	infinite_loop_hardfault_handler	source_behavior_mapped	startup/exception	exact-disassembly-vector-behavior	void HardFault_Handler(void)	startup/startup_hc32f448.S:__Vectors/Default_Handler	Factory body is a two-byte self-loop; source vectors every unimplemented exception/IRQ to an explicit non-returning self-loop.
0x00020394	MemManage_Handler	infinite_loop_memmanage_handler	source_behavior_mapped	startup/exception	exact-disassembly-vector-behavior	void MemManage_Handler(void)	startup/startup_hc32f448.S:__Vectors/Default_Handler	Factory body is a two-byte self-loop; source vectors every unimplemented exception/IRQ to an explicit non-returning self-loop.
0x00020396	BusFault_Handler	infinite_loop_busfault_handler	source_behavior_mapped	startup/exception	exact-disassembly-vector-behavior	void BusFault_Handler(void)	startup/startup_hc32f448.S:__Vectors/Default_Handler	Factory body is a two-byte self-loop; source vectors every unimplemented exception/IRQ to an explicit non-returning self-loop.
0x00020398	UsageFault_Handler	infinite_loop_usagefault_handler	source_behavior_mapped	startup/exception	exact-disassembly-vector-behavior	void UsageFault_Handler(void)	startup/startup_hc32f448.S:__Vectors/Default_Handler	Factory body is a two-byte self-loop; source vectors every unimplemented exception/IRQ to an explicit non-returning self-loop.
0x0002039a	SVC_Handler	infinite_loop_svc_handler	source_behavior_mapped	startup/exception	exact-disassembly-vector-behavior	void SVC_Handler(void)	startup/startup_hc32f448.S:__Vectors/Default_Handler	Factory body is a two-byte self-loop; source vectors every unimplemented exception/IRQ to an explicit non-returning self-loop.
0x0002039c	DebugMon_Handler	infinite_loop_debugmon_handler	source_behavior_mapped	startup/exception	exact-disassembly-vector-behavior	void DebugMon_Handler(void)	startup/startup_hc32f448.S:__Vectors/Default_Handler	Factory body is a two-byte self-loop; source vectors every unimplemented exception/IRQ to an explicit non-returning self-loop.
0x0002039e	PendSV_Handler	infinite_loop_pendsv_handler	source_behavior_mapped	startup/exception	exact-disassembly-vector-behavior	void PendSV_Handler(void)	startup/startup_hc32f448.S:__Vectors/Default_Handler	Factory body is a two-byte self-loop; source vectors every unimplemented exception/IRQ to an explicit non-returning self-loop.
0x000203a0	SysTick_Handler	infinite_loop_systick_or_default_handler	source_behavior_mapped	startup/exception	exact-disassembly-vector-behavior	void SysTick_Handler(void)	startup/startup_hc32f448.S:__Vectors/Default_Handler	Factory body is a two-byte self-loop; source vectors every unimplemented exception/IRQ to an explicit non-returning self-loop.
0x000203a2	Vector_147_Handler	infinite_loop_vector147_default_handler	source_behavior_mapped	startup/exception	exact-disassembly-vector-behavior	void handler(void)	startup/startup_hc32f448.S:__Vectors/Default_Handler	Factory body is a two-byte self-loop; source vectors every unimplemented exception/IRQ to an explicit non-returning self-loop.
0x000203a4	FUN_000203a4	stack_heap_bounds_pair_accessor	source_behavior_mapped	startup/libc	exact-literals-linker	uint64_t get_stack_heap_bounds_pair(void)	linker/hc32f448_dm4310_app.ld	Factory literals 0x1ffff4f8, 0x200004f8 and duplicate 0x1ffff8f8 bounds are linker-defined and asserted; see RUNTIME_HEAP_AUDIT.md.
0x000203c8	FUN_000203c8	heap_alloc_first_fit	source_behavior_mapped	libc/heap	factory-disassembly-and-fixed-state	void *malloc_like(uint32_t size)	app/src/runtime_compat.c:dm4310_runtime_alloc	First-fit walk, 8-byte block rounding, whole-block threshold, split order and exhausted fixed-heap return are represented against the exact heap-state address.
0x00020474	FUN_00020474	debug_printf_wrapper	source_behavior_mapped	debug console / formatting	factory-disassembly-callsite-mapping	void printf_like(const char *fmt, ...)	app/src/debug_console.c:debug_console_printf	Variadic wrapper forwards format and arguments to the UART-backed formatter; formatter internals remain separate closure rows and are not waived by this mapping.
0x0002048c	FUN_0002048c	printf_stream_left_pad_zero_or_space	source_behavior_mapped	libc/formatting	factory-source-differential-disassembly	void printf_pad_left(FormatCtx *ctx)	app/src/debug_console.c shared C FactoryFormatterStream helpers	256 cases per helper match callback/context/count/text mutations; 14 whole printf string/integer cases pass; raw registers/stack/full formatter context/fixed entries remain open
0x000204b8	FUN_000204b8	stream_pad_spaces	source_behavior_mapped	libc/formatting	factory-source-differential-disassembly	void stream_pad_spaces(StreamCtx *ctx)	app/src/debug_console.c shared C FactoryFormatterStream helpers	256 cases per helper match callback/context/count/text mutations; 14 whole printf string/integer cases pass; raw registers/stack/full formatter context/fixed entries remain open
0x000204da	FUN_000204da	stream_write_string_limited	source_behavior_mapped	libc/formatting	factory-source-differential-disassembly	void stream_write_string(StreamCtx *ctx, const char *s, uint32_t max_len)	app/src/debug_console.c shared C FactoryFormatterStream helpers	256 cases per helper match callback/context/count/text mutations; 14 whole printf string/integer cases pass; raw registers/stack/full formatter context/fixed entries remain open
0x000205fc	FUN_000205fc	printf_format_parser_dispatch	source_behavior_mapped	libc/formatting	factory-source-differential-disassembly	uint printf_parse_and_emit(FormatCtx *ctx, va_list *ap)	app/src/debug_console.c:factory_parse generic C stream entry	128 direct custom callback cases full 36-byte context/read-write traces and mutation match; original context zero-bit clear under integer precision repaired; raw ABI/stack/fixed entry/full domain open
0x00020734	FUN_00020734	memcpy_word_optimized	source_behavior_mapped	libc/memory	factory-disassembly-callsite-ranges	void *memcpy_like(void *dst, const void *src, uint32_t len)	C memcpy callsites / compiler runtime	Factory helper implements non-overlapping byte-copy semantics with destination-alignment and source-alignment fast paths; all live callers are represented by bounded C memcpy operations on disjoint ranges.
0x000207be	FUN_000207be	memcpy_large_aligned_block_copy	source_behavior_mapped	libc/memory	factory-disassembly-callsite-ranges	void *copy_blocks_32_16_8_4_2_1(dst, src, len)	C memcpy callsites / compiler runtime	Factory aligned helper copies 32/16/8/4/2/1-byte tails; source callsites use memcpy over the same non-overlapping records and fixed staging regions.
0x00020828	FUN_00020828	heap_state_global_accessor	source_behavior_mapped	libc/heap	exact-fixed-state	void **heap_state_ptr(void)	app/src/runtime_compat.c:dm4310_c_runtime_state[2]	Factory accessor literal 0x1ffff498 is the fixed context +0x08 heap-state word and receives 0x1ffff4f8.
0x00020838	FUN_00020838	heap_extension_adapter	source_behavior_mapped	libc/runtime	factory-disassembly-live-hook-result	int heap_extend(void *root, uint32_t size)	app/src/runtime_compat.c:dm4310_runtime_alloc	Factory calls a patched NOP hook with r0=0; it always returns zero and therefore never reaches the region-insertion arm. Source returns NULL on the same exhausted-list condition.
0x00020860	FUN_00020860	heap_region_init_and_free_list_seed	source_behavior_mapped	libc/heap	exact-disasm-state	void heap_init(uint start, uint end, ...)	app/src/runtime_compat.c:dm4310_runtime_initialize	Factory no-extension path is reproduced with sentinel at 0x1ffff4f8 and the aligned 0x3ec free block at 0x1ffff50c; see RUNTIME_HEAP_AUDIT.md.
0x000208be	FUN_000208be	list_head_init_three_word	source_behavior_mapped	libc/list/heap	exact-disasm-state	void list_head_init(uint32_t *node)	app/src/runtime_compat.c:dm4310_runtime_initialize	Source writes the factory sentinel triplet {0, heap+0x14, heap} after the seed insertion path; see RUNTIME_HEAP_AUDIT.md.
0x000208d6	FUN_000208d6	errno_or_runtime_error_flag_setter	source_behavior_mapped	libc/runtime	factory-disassembly-fixed-address	void set_errno_like(uint32_t code)	app/src/ram_helpers.c and app/src/output_sensor.c:dm4310_runtime_errno writes	Factory accessor resolves to 0x1ffff490 and stores the supplied status word; checked sqrt and atan2 source paths write their exact codes directly to the fixed alias.
0x00020996	FUN_00020996	double_to_decimal_digit_generator	source_behavior_mapped	libc/formatting	factory-source-differential-disassembly	void dtoa_digits(out_meta, char *buf, double *value, precision, mode)	app/src/dm4310_fixed_scaled.c:dm4310_factory_decimal_digits	4620 mode0/1/2 cases and fixed corpus; precision-domain/metadata/stack/write-order closure open
0x00020de0	FUN_00020de0	vprintf_stream_wrapper	source_behavior_mapped	libc/formatting	factory-source-differential-disassembly	int vprintf_like(const char *fmt, StreamCtx *ctx, va_list ap)	app/src/debug_console.c:factory_vprintf with output stream parameter	256 stream-byte flags including callback mutation match output/result; public string/integer and nonfinite regressions pass; context/raw ABI/stack/fixed entry remain open
0x00020e04	FUN_00020e04	runtime_context_base_accessor_A	source_behavior_mapped	libc/runtime	exact-fixed-state	void *runtime_context_A(void)	app/src/runtime_compat.c:dm4310_c_runtime_state	Factory literal 0x1ffff490 is the linker-asserted 0x60-byte context base.
0x00020e0c	FUN_00020e0c	runtime_context_base_accessor_B	source_behavior_mapped	libc/runtime	exact-fixed-state	void *runtime_context_B(void)	app/src/runtime_compat.c:dm4310_c_runtime_state[8]	Factory literal 0x1ffff4b0 is context base +0x20; startup initializes its observed +0x0c word to zero.
0x00020e14	FUN_00020e14	errno_storage_accessor	source_behavior_mapped	libc/runtime	exact-fixed-state	uint32_t *errno_storage_ptr(void)	app/src/runtime_compat.c:dm4310_runtime_errno	Alias resolves exactly to context base 0x1ffff490 and preserves math-runtime status side effects.
0x00020e1c	FUN_00020e1c	heap_free_list_insert_and_coalesce	source_behavior_mapped	libc/heap	factory-disassembly-live-call-contexts	void heap_free_insert(block, ptr, size)	app/src/runtime_compat.c:dm4310_runtime_initialize/dm4310_runtime_free	Initialization's alignment result and exact free-block image are reproduced directly; returning allocations use the same sorted insertion and previous/next coalescing. Heap extension cannot reach this helper because its factory hook always returns zero.
0x00020e50	FUN_00020e50	factory_divide_ten_registers	source_behavior_mapped	libc/formatting	factory-source-differential-disassembly	uint64_t u64_div10_quotient(uint64_t x)	app/src/dm4310_fixed_scaled.c	RESTORATION_PROGRESS.md:11191 quotient/remainder and 1000 full-register/stack passes; fixed-entry/caller open
0x00020edc	FUN_00020edc	formatter_stream_reader	source_behavior_mapped	libc/formatting	factory-source-differential-disassembly	uint32_t stream_read(FormatCtx *ctx)	app/src/debug_console.c:factory_stream_read	Direct reader regression checks pointer advance before byte load; parser/context regressions cover callback mutation and the complete 36-byte formatter context.
0x00020ee6	FUN_00020ee6	printf_core_context_setup_and_dispatch	source_behavior_mapped	libc/formatting	factory-source-differential-disassembly	void printf_core_dispatch(stream, arg, fmt, va_list)	app/src/debug_console.c:factory_format_context callback/opaque/read initialization entry	96 direct cases custom writer/count/context mutation and normalized callback context match; factory 60-byte allocation vs C frame/raw ABI/fixed entry remain open
0x00020f0c	FUN_00020f0c	printf_nan_inf_prefix_emit	source_behavior_mapped	libc/formatting	factory-source-differential-disassembly	void emit_nan_inf_prefix(FormatCtx *ctx, int len, int sign)	app/src/debug_console.c:factory_stream_nonfinite shared C stream helper	256 callback/context/count mutation cases plus 32 whole nonfinite printf cases pass; raw ABI/stack/fixed entry/full parser integration remain open
0x00020f8c	FUN_00020f8c	factory_decimal_power	source_behavior_mapped	libc/formatting	factory-source-differential-disassembly	void build_decimal_scale(uint64_t *out, int decimal_exp, int flag)	app/src/dm4310_decimal_power.c	RESTORATION_PROGRESS.md:2478 three-word result cases; fixed tables/stack/full domain open
0x00021070	FUN_00021070	stream_error_mask_byte_12	source_behavior_mapped	libc/stream	factory-source-differential-disassembly	uint8_t stream_flag_check(StreamCtx *ctx)	app/src/runtime_compat.c:dm4310_runtime_stream_error	app/src/runtime_compat.c:dm4310_runtime_stream_error
0x00021078	FUN_00021078	fatal_runtime_error_check_and_halt	source_behavior_mapped	libc/runtime	factory-source-differential-disassembly	void fatal_if_runtime_error(void)	app/src/runtime_compat.c:runtime_heap_fatal/runtime_halt_if_error	four fatal reasons and 1004 conditional words; stack/entry closure open
0x00021088	FUN_00021088	runtime_context_zero_init	source_behavior_mapped	libc/runtime	exact-disasm-state	void runtime_context_zero_init(void)	app/src/runtime_compat.c:dm4310_runtime_initialize	Source clears exactly the first sixteen words of the fixed 0x60-byte context; the upper 0x20 bytes remain runtime scratch.
0x000210d2	FUN_000210d2	program_exit_to_semihosting_and_hooks	source_behavior_mapped	libc/runtime	factory-source-differential-disassembly	void program_exit_or_abort(code,status)	app/src/runtime_compat.c:dm4310_runtime_exit source inline ABI thunk	256 cases all r0-r12/APSR/SP/relocated LR/16-byte finalizer and argument frame match at semihost trap; absolute entry/reset integration open
0x000210f0	FUN_000210f0	runtime_heap_report	source_behavior_mapped	libc/heap/debug	factory-source-differential-disassembly	int heap_error_report(int reason)	app/src/runtime_compat.c	RESTORATION_PROGRESS.md:four-reason semihost/R0 differential pass; text-address/stack open
0x00021140	FUN_00021140	runtime_locale_compare	source_behavior_mapped	libc/string	factory-source-differential-disassembly	int strcmp_like(const char *a, const char *b)	app/src/runtime_compat.c	RESTORATION_PROGRESS.md:7456-case return/input-read pass; stack/register/fixed-entry open
0x000211c0	FUN_000211c0	semihosting_bkpt_halt	source_behavior_mapped	debug/semihosting	factory-source-differential-disassembly	noreturn void semihosting_halt(void)	app/src/runtime_compat.c:dm4310_runtime_halt	direct SYS_EXIT operation/reason differential and emitted self-branch; fixed-entry/register closure open
0x000211cc	FUN_000211cc	semihosting_diagnostic_two_strings	source_behavior_mapped	debug/semihosting	factory-source-differential-disassembly	void semihosting_report(const char *msg, const char *detail)	app/src/runtime_compat.c:runtime_semihost_diagnostic	36 null/empty/byte-string differential cases; ordered reads and SYS_WRITECHAR sequence; stack/fixed-entry closure open
0x000211fe	FUN_000211fe	semihosting_putchar_bkpt	source_behavior_mapped	debug/semihosting	factory-source-differential-disassembly	void semihosting_putchar(char c)	app/src/runtime_compat.c:runtime_semihost_character	260 exact SYS_WRITECHAR byte/R0 cases; byte at SP-8 confirmed; factory push/pop stack traffic still differs
0x0002120c	FUN_0002120c	factory_binary64_extended	source_behavior_mapped	libc/float formatting	factory-source-differential-disassembly	uint64_t double_unpack_or_normalize(uint32_t lo, uint32_t hi)	app/src/dm4310_binary64_extended.c	RESTORATION_PROGRESS.md:10110 three-word unpack cases; ABI/stack/fixed-entry open
0x000212f0	FUN_000212f0	factory_extended_divide_reciprocal_core	source_behavior_mapped	libc/float formatting	factory-source-differential-disassembly	void multiword_mul_core(...)	app/src/dm4310_extended_core.S	1024 raw core cases all registers/guard/APSR/SP/LR/stack match; source C wrapper uses this core; full formatter ABI/fixed entry remains open
0x00021628	FUN_00021628	factory_extended_round	source_behavior_mapped	libc/float formatting	factory-source-differential-disassembly	void multiword_shift_normalize(...)	app/src/dm4310_extended_core.S plus C adapter	1024 raw cases match registers/APSR/SP/LR/stack including r10 mode/r11 rounding; fixed entry/full wrapper stack open
0x00021704	FUN_00021704	factory_extended_divide	source_behavior_mapped	libc/float formatting	factory-source-differential-disassembly	uint64_t dtoa_scale_up(...)	app/src/dm4310_extended_core.S pointer wrapper plus typed C adapter	1024 raw cases match r0-r12/APSR/SP/relocated LR/saved 28-byte frame; 6486 result cases pass; fixed entry/outer C ABI/nested stack open
0x0002172e	FUN_0002172e	factory_extended_multiply	source_behavior_mapped	libc/float formatting	factory-source-differential-disassembly	uint64_t dtoa_scale_down(...)	app/src/dm4310_extended_core.S pointer wrapper plus typed C adapter	1024 raw cases match r0-r12/APSR/SP/relocated LR/saved 28-byte frame; 6486 result cases pass; fixed entry/outer C ABI/nested stack open
0x00021758	FUN_00021758	factory_extended_multiply_limb_core	source_behavior_mapped	libc/float formatting	factory-source-differential-disassembly	void bigint_div_round_core(...)	app/src/dm4310_extended_core.S	1024 raw core cases including zero-low fast paths match registers/guard/APSR/SP/LR/stack; wrapper integration 6486 cases pass; full formatter ABI/fixed entry open
0x0002199c	thunk_EXT_FUN_1fffa30c	sincos_helper_veneer	source_behavior_mapped	fixed SRAM veneer	exact-disassembly-linker-entry	void veneer_to_1fffa30c(...)	app/src/ram_helpers.c:dm4310_sincos_helper	Exact movw/movt 0x1fffa30d plus bx; target is source-built, startup-copied and linker-asserted at 0x1fffa30c.
0x000219a6	thunk_EXT_FUN_1fff9950	flash_writer_veneer	source_behavior_mapped	fixed SRAM veneer	exact-disassembly-linker-entry	void veneer_to_1fff9950(...)	board/src/board_flash_hc32f448.c:erase_and_program_from_sram	Exact movw/movt 0x1fff9951 plus bx; target is the source-built generic RAM flash writer at 0x1fff9950.
0x000219b0	thunk_EXT_FUN_1fff9c40	svpwm_helper_veneer	source_behavior_mapped	fixed SRAM veneer	exact-disassembly-linker-entry	void veneer_to_1fff9c40(...)	app/src/ram_helpers.c:dm4310_svpwm_helper	Exact movw/movt 0x1fff9c41 plus bx; target is source-built and linker-asserted at 0x1fff9c40.
0x000219ba	thunk_EXT_FUN_1fffa3aa	wrap_once_helper_veneer	source_behavior_mapped	fixed SRAM veneer	exact-disassembly-linker-entry	void veneer_to_1fffa3aa(...)	app/src/ram_helpers.c:dm4310_wrap_helper	Exact movw/movt 0x1fffa3ab plus bx; target preserves conditional one-step correction and store behavior.
0x000219c4	thunk_EXT_FUN_1fff987c	output_sensor_lookup_veneer	source_behavior_mapped	fixed SRAM veneer	exact-disassembly-linker-entry	void veneer_to_1fff987c(...)	app/src/ram_helpers.c:dm4310_output_sensor_helper	Exact movw/movt 0x1fff987d plus bx; completed 0x1fff image proves the target and source installs its fixed ABI entry.
0x000219ce	thunk_EXT_FUN_1fffa160	identification_rls2_veneer	source_behavior_mapped	fixed SRAM veneer	exact-disassembly-linker-entry	void identification_rls2_step_veneer(state212*)	app/src/ram_helpers.c:dm4310_rls2_helper	Exact movw/movt 0x1fffa161 plus bx; target ABI and body are represented at fixed address 0x1fffa160.
0x000219d8	thunk_EXT_FUN_1fffa38a	float_clamp_veneer	source_behavior_mapped	fixed SRAM veneer	exact-disassembly-linker-entry	float limiter_veneer(float value, ...)	app/src/ram_helpers.c:dm4310_clamp_helper	Exact movw/movt 0x1fffa38b plus bx; target preserves recovered unordered-input behavior.
0x000219e2	thunk_EXT_FUN_1fffa234	flux_observer_veneer	source_behavior_mapped	fixed SRAM veneer	exact-disassembly-linker-entry	void flux_observer_step_veneer(observer23*, runtime*)	app/src/ram_helpers.c:dm4310_flux_observer_helper	Exact movw/movt 0x1fffa235 plus bx; target ABI and body are represented at fixed address 0x1fffa234.
0x000219ec	thunk_EXT_FUN_1fff9e44	identification_filter_veneer	source_behavior_mapped	fixed SRAM veneer	exact-disassembly-linker-entry	void identification_filter_step_veneer(filter10*)	app/src/ram_helpers.c:dm4310_identification_filter_helper	Exact movw/movt 0x1fff9e45 plus bx; target preserves recovered filter field and arithmetic order.
0x00021a00	FUN_00021a00	adc_sampling_init	source_behavior_mapped	platform/peripheral	disassembly-mmio-exact	void adc_sampling_init(void)	board/src/board_adc_hc32f448.c:board_adc_init	Eight analogue PCR writes, protected FPRC/FCG0PC/PERICKSEL/EXCHSELR sequence, FCG3 release and all three ADC register images match factory order.
0x00021b00	FUN_00021b00	calibrate_adc_offsets	source_behavior_mapped	adc_current_sampling	disassembly-state-exact	void calibrate_adc_offsets(float out[4])	board/src/board_adc_hc32f448.c:board_adc_calibrate_startup	Exactly 1000 software-triggered ADC1/2/3 samples; DR0/DR1 accumulation, ADC1/2-only EOCA clear and four VDIV results match.
0x00021c1c	FUN_00021c1c	aes_ctr_xor_stream_internal_counter_template	source_behavior_mapped	security_crypto	factory-disassembly-state-order	void aes_ctr_xor_stream(uint8_t *round_keys, uint8_t *dst, const uint8_t *src, uint32_t len)	common/src/aes256_ctr.c:aes256_ctr_transform	Source uses the same 00112233445566778899aabbccddeeff counter, AES block refresh every 16 bytes, big-endian carry increment and bytewise source XOR; active device-auth call is in-place.
0x00021c98	FUN_00021c98	aes_add_round_key_state4x4	source_behavior_mapped	security_crypto	factory-disassembly-byte-mapping	void aes_add_round_key(uint8_t round, uint8_t state[16], const uint8_t *round_keys)	common/src/aes256_ctr.c:add_round_key	Source XORs the same sixteen state bytes with round_keys + round*16 in the factory four-column order.
0x00021cc8	FUN_00021cc8	mcan1_configure_classic	source_behavior_mapped	platform_canfd	factory-disassembly-mmio-order	void mcan1_configure_classic(uint selector,uint node_id)	board/src/board_mcan_hc32f448.c:mcan_init_classic/mcan_init_common	Source preserves classic selector clamping, separate CCCR RMWs, NBTP-only timing, exact message-RAM/register order, sixteen-cycle transition wait and INTC/NVIC tail without source-only DM4310 state writes.
0x00021e88	FUN_00021e88	crc32_mpeg2_checked_frame_helper	source_behavior_mapped	protocol_frame_integrity	factory-disassembly-polynomial-equivalence	uint32_t crc32_mpeg2_checked_frame_helper(const uint8_t *buf, uint32_t len)	app/src/commissioning.c:crc32_mpeg2	Factory table recurrence and source bit recurrence implement CRC-32/MPEG-2 with init 0xffffffff, polynomial 0x04c11db7 and no reflection/final XOR; commissioning hashes identical byte ranges.
0x00021eb0	FUN_00021eb0	crc_clock_enable	source_behavior_mapped	protocol_frame_integrity	disassembly-mmio-exact	void crc_clock_enable(void)	board/src/board_crc_hc32f448.c:board_crc_enable_clock	Exact FCG0PC unlock, FCG0 CRC-bit clear and FCG0PC relock sequence.
0x00021ed0	FUN_00021ed0	aes256_encrypt_block	source_behavior_mapped	security_crypto	high	void aes256_encrypt_block(uint8_t state[16], const uint8_t *round_keys)	common/src/aes256_ctr.c:encrypt_with_schedule	Round structure and source mapping preserve AddRoundKey, 13 full rounds, final SubBytes/ShiftRows/AddRoundKey; all lookup paths now use the fixed factory SRAM S-box.
0x00021f20	FUN_00021f20	short_busy_wait	source_behavior_mapped	timing_delay	exact-loop-count-callsite	void short_busy_wait(uint32_t count)	board/src/board_mcan_hc32f448.c:mcan_transition_delay	Both factory MCAN configuration paths call with 16; source executes exactly sixteen volatile NOP iterations immediately before clearing CCCR.INIT.
0x00021f28	FUN_00021f28	delay_ms	source_behavior_mapped	timing_delay	disassembly-mmio-exact	void delay_ms(uint32_t milliseconds)	board/src/board_delay_hc32f448.c:board_delay_ms	Source uses two 50000-tick TMRA1 periods per millisecond with the exact CNTER, START, UDFF poll and clear order.
0x00021f60	FUN_00021f60	delay_us	source_behavior_mapped	timing_delay	disassembly-mmio-exact	void delay_us(uint32_t microseconds)	board/src/board_delay_hc32f448.c:board_delay_us	Source chunks values above 500 us into 50000 ticks, then always executes the final remainder period using 100 ticks/us and exact TMRA1 flag order.
0x00021fc4	FUN_00021fc4	mcan1_configure_fd	source_behavior_mapped	platform_canfd	factory-disassembly-mmio-order	void mcan1_configure_fd(uint selector,uint node_id)	board/src/board_mcan_hc32f448.c:mcan_init_fd/mcan_init_common	Source preserves FD selector timing table, ordered CCCR/TEST/NBTP/DBTP/TDCR writes, exact message-RAM/register order, sixteen-cycle transition wait and INTC/NVIC tail.
0x000221f4	FUN_000221f4	initialize_status_and_read_hardware_variant	source_behavior_mapped	startup_gpio	disassembly-mmio-exact	uint8_t initialize_status_and_read_hardware_variant(void)	board_identity_hc32f448.c:board_identity_initialize_status_and_read_variant	Single PWPR window writes PH2/PC13 POUTE then PC14/PC15 PUU, selects red through POSRC/PORRH and returns PIDRC[15:14]; removes prior split-path extra MMIO writes and barriers.
0x00022244	Vector_20_Handler	debug_uart_receive_irq	source_behavior_mapped	debug_uart_protocol_transport	factory-complete-command-state-matrix	void Vector_20_Handler(void)	app/src/interrupts.c:debug_uart_receive_irq / app/src/debug_console.c:debug_console_process_frame	DMA snapshot/reload, retained-byte behavior, every command gate/state transition, fixed staging copy, reset path and common DMA-enable epilogue are represented and covered by the isolated malformed-frame test.
0x00022570	FUN_00022570	aes256_key_expansion_240bytes	source_behavior_mapped	security_crypto	high	void aes256_expand_key(uint8_t schedule[240], const uint8_t key[32])	common/src/aes256_ctr.c:expand_key	AES-256 240-byte schedule, RotWord/SubWord/Rcon cadence and the intermediate SubWord arm are represented; S-box reads resolve to fixed 0x1fffc678.
0x00022658	FUN_00022658	load_and_validate_calibration	source_behavior_mapped	configuration_persistence	exact-disasm-state-mmio-order	void FUN_00022658(void)	app/src/platform.c:platform_load_motor_calibration	Motor/zero/output records, NaN-only normalization, fixed-state selective writes, 4095-step validation, diagnostics, fault ordering and success GPIO writes are mapped; see CALIBRATION_LOADER_AUDIT.md.
0x000228c0	FUN_000228c0	load_motor_configuration	source_behavior_mapped	configuration_persistence	exact-disasm-state-order	void FUN_000228c0(void)	app/src/platform.c:platform_load_parameters/platform_initialize_runtime	Erased-template handling, 37-word fixed staging copy, normalization, MCAN dispatch-before-cache order, 24-word cache and derivation handoff are mapped; see CONFIG_DERIVATION_AUDIT.md.
0x00022c10	FUN_00022c10	position_sensor_configure	source_behavior_mapped	position_sensor_calibration	exact-disasm-state-mmio	void position_sensor_configure(void)	board/src/board_position_hc32f448.c:configure_sensor_registers	Factory disassembly proves the 11-register stack image, fixed readback 0x1ffff3bc, fixed expected image 0x1fffa65c, high-byte reads, 11/10 loop bounds, mismatch-only writes and 1/25/5 ms delay order; fixed objects are linker- and contract-asserted.
0x00022ca8	FUN_00022ca8	power_stage_switch_response_test	source_behavior_mapped	power_stage_pwm	exact-disasm-mmio-order	byte FUN_00022ca8(void)	board/src/board_power_stage_hc32f448.c:board_power_stage_self_test	GPIO setup, six latch/ADC sequences, clear-before-DR0 order, inclusive threshold and failure-bit layout are mapped; see POWER_STAGE_STARTUP_AUDIT.md.
0x00022f40	FUN_00022f40	aes_mix_columns	source_behavior_mapped	security_crypto	high	void aes_mix_columns(uint8_t state[16])	common/src/aes256_ctr.c:mix_columns	Factory column transform and source use the same total-XOR and four adjacent xtime updates; xtime is mapped to common/src/aes256_ctr.c:xtime.
0x00022fac	FUN_00022fac	pwm_timer_init	source_behavior_mapped	power_stage_pwm	exact-disasm-mmio	void pwm_timer_init(void)	board/src/board_sampling_timer_hc32f448.c:board_sampling_timer_init	Factory 0x22fac register sequence is mapped through GPIO function select, TMR4 compare/dead-time/special-event setup, INTC/NVIC enable and final output/start writes; source preserves the observed MMIO order.
0x000230c4	FUN_000230c4	position_sensor_dma_configure	source_behavior_mapped	position_sensor_calibration	exact-disasm-state-mmio	void position_sensor_dma_configure(void)	board/src/board_position_hc32f448.c:configure_dma	Factory 0x230c4 PWC unlock/clock sequence, DMA2 SAR/DAR/config/clear/mask order, AOS trigger and IRQ16 setup are mapped; DAR literal 0x1fffa666 is now a dedicated linker- and contract-asserted halfword.
0x00023170	FUN_00023170	position_sensor_spi_gpio_configure	source_behavior_mapped	position_sensor_calibration	exact-disasm-mmio	void position_sensor_spi_gpio_configure(void)	board/src/board_position_hc32f448.c:configure_pins_and_spi	Factory 0x23170 SPI3 clock gate, one PWPR window, PB9/PB8/PB5 controls, PSPCR mask, PB9/PB8/PB5/PB4 function order, lock and CFG2/CFG1/CR enable order are represented.
0x000231ec	FUN_000231ec	position_sensor_spi_transfer16	source_behavior_mapped	position_sensor_calibration	exact-disasm-mmio	uint16_t position_sensor_spi_transfer16(uint16_t transmit)	board/src/board_position_hc32f448.c:spi_transfer	Factory 0x231ec polls SR.TDEF, writes DR, polls SR.RDFF, reads DR and returns UXTH with no timeout or extra status clearing; source matches that behavior.
0x00023208	FUN_00023208	system_clock_and_systick_init	source_behavior_mapped	startup/platform_runtime	exact-disasm-mmio	void system_clock_and_systick_init(void)	board/src/board_clock_hc32f448.c:board_clock_init	Factory 0x23208 MMIO order is mapped from entry FCG capture and IRQ1/2/3 masking through SCFGR, XTAL start/stability lock order, SRAM/flash wait states, PLLH source/config/start, FCG restore, SysTick and TMRA1 setup; DM4310 removes the former second FCG capture, pre-stability locks and private clock-ready write.
0x00023460	FUN_00023460	aes_shift_rows	source_behavior_mapped	security_crypto	high	void aes_shift_rows(uint8_t state[16])	common/src/aes256_ctr.c:encrypt_with_schedule	The explicit sixteen-byte source permutation is the factory AES ShiftRows mapping.
0x00023494	FUN_00023494	aes_sub_bytes	source_built_fixed_state	security_crypto	exact-disasm-state	void aes_sub_bytes(uint8_t state[16])	common/src/aes256_ctr.c:encrypt_with_schedule	Factory 0x23494 substitutes all sixteen state bytes through literal 0x1fffc678; the single source S-box is scatter-loaded there after BSS clear and its 0x100-byte address/size are linker- and contract-asserted.
0x000234bc	FUN_000234bc	SystemCoreClockUpdate	source_behavior_mapped	startup/platform_runtime	exact-source-and-fixed-state	void SystemCoreClockUpdate(void)	third_party/HC32F448_DDL_Rev1.3.0/drivers/cmsis/Device/HDSC/hc32f4xx/Source/system_hc32f448.c:SystemCoreClockUpdate	Factory 0x234bc matches the CMSIS source clock selector and PLL arithmetic; its literal state pair is now fixed and contract-asserted as SystemCoreClock@0x1ffff4f0 followed by HRC_VALUE@0x1ffff4f4.
0x00023554	FUN_00023554	SystemInit	source_behavior_mapped	startup/platform_runtime	exact-source-mmio	void SystemInit(void)	third_party/HC32F448_DDL_Rev1.3.0/drivers/cmsis/Device/HDSC/hc32f4xx/Source/system_hc32f448.c:SystemInit	Factory 0x23554 enables CP10/CP11, calls SystemCoreClockUpdate and writes VTOR=0; the compiled CMSIS source preserves the same three operations and ordering.
0x00023574	FUN_00023574	debug_uart_timeout_init	source_behavior_mapped	debug_uart_protocol_transport	exact-disasm-mmio	void debug_uart_timeout_init(void)	board/src/board_uart_hc32f448.c:configure_receive_timeout	Factory 0x23574 releases TMR0_1 then writes CNTAR=0, BCONR=0x5530, CMPAR=100 and STFLR=0 in that order; the DM4310 source path matches without the former preliminary BCONR clear.
0x0002359c	FUN_0002359c	debug_usart1_dma_init	source_behavior_mapped	debug_uart_protocol_transport	exact-disasm-mmio	void debug_usart1_dma_init(uint32_t baud)	board/src/board_uart_hc32f448.c:init_uart	Factory 0x2359c order is mapped through timeout-first setup, USART reset image and 921600 FBME/BRR result, separate DMA1 and AOS protected clock windows, exact DMA channel-0 register subset, receiver-timeout enable and IRQ004 priority/clear/enable order.
0x0002379c	FUN_0002379c	debug_uart_write	source_behavior_mapped	debug_uart_protocol_transport	exact-disasm-mmio	void debug_uart_write(const uint8_t *data,uint32_t length)	board/src/board_uart_hc32f448.c:board_uart_write	Factory 0x2379c polls TXE without timeout and emits each byte as a TDR halfword write using a wrapping 16-bit index; DM4310 removes the non-factory initialization/null rejection and preserves the 16-bit loop counter.
0x000237c0	FUN_000237c0	ieee754_double_classify_bits	source_behavior_mapped	runtime_softfloat	factory-source-differential-disassembly	uint32_t classify_double_words(uint32_t lo, uint32_t hi)	app/src/dm4310_binary64_extended.c:factory_binary64_classify	factory disassembly and 10010 exact-R0 differential cases; stack/APSR not closed
0x000237f0	FUN_000237f0	ieee754_float_classify_bits	source_behavior_mapped	runtime_softfloat	factory-source-differential-disassembly	uint32_t classify_float_bits(uint32_t bits)	app/src/output_sensor.c:factory_binary32_classify	10010 exact-R0 cases; atan2 small-ratio calls restored; other caller and APSR closure open
0x00023816	FUN_00023816	nvic_clear_pending_irq	source_behavior_mapped	platform_interrupt	factory-disassembly-cmsis	void nvic_clear_pending(int irq)	core_cm4.h:__NVIC_ClearPendingIRQ	Nonnegative guard, ICPR indexed word store at 0xe000e280, no hardware barrier; audited against factory 0x23816..0x2382f.
0x00023830	FUN_00023830	nvic_disable_irq_with_barriers	source_behavior_mapped	platform_interrupt	factory-disassembly-cmsis	void nvic_disable_irq(int irq)	core_cm4.h:__NVIC_DisableIRQ	Nonnegative guard, ICER indexed word store at 0xe000e180 followed by DSB and ISB; previous enable classification was incorrect.
0x00023852	factory_nvic_enable_irq	nvic_enable_irq	source_behavior_mapped	platform_interrupt	factory-disassembly-cmsis	void nvic_enable_irq(int irq)	core_cm4.h:__NVIC_EnableIRQ	Independent leaf body formerly contained in discontiguous Ghidra range for 0x21fc4; nonnegative guard and ISER indexed word store at 0xe000e100, no hardware barrier.
0x0002386c	FUN_0002386c	nvic_set_priority	source_behavior_mapped	platform_interrupt	factory-disassembly-cmsis	void nvic_set_priority(int irq, uint32_t prio)	core_cm4.h:__NVIC_SetPriority	Four priority bits: external byte at 0xe000e400+irq; negative IRQ byte at 0xe000ed14+(irq&15). CMSIS SHP base 0xe000ed18 and index subtraction by four give the same address.
0x00023890	FUN_00023890	factory_double_acos	source_behavior_mapped	runtime_libm	factory-disassembly-arm-differential	double acos_factory(double x)	app/src/commissioning_math.c:commissioning_factory_acos	Confirmed acos, not legacy atan label. Original coefficients, range splits, root truncation/correction and fixed errno reproduced; 3144 actual ARM comparisons match result/FPSCR/SP/errno. Soft-double primitive equivalence for all inputs remains separate work.
0x00023be8	FUN_00023be8	atan2f_like_libm_kernel	source_behavior_mapped	runtime_libm	factory-source-differential-disassembly	float atan2f_like(float y, float x)	app/src/output_sensor.c:dm4310_output_atan2f	factory disassembly and 15624 S0/FPSCR/errno differential cases; stack/register/fixed-entry closure open
0x00023e94	FUN_00023e94	checked_round_float_to_int	source_behavior_mapped	runtime_libm	factory-disassembly-arm-differential	int32_t round_float_to_int(float x)	app/src/runtime_compat.c:dm4310_runtime_round_to_int	Nearest-even intermediate followed by sign-dependent half-away adjustment, integer-bit range checks, fixed errno=1 and VCVTR.S32. 28805 comparisons across seven FPSCR modes match result/FPSCR/SP/errno. Live pole-pair estimation now calls it.
0x00023f56	FUN_00023f56	checked_double_sqrt_hard_float	source_behavior_mapped	runtime_libm	factory-disassembly-arm-differential	double checked_sqrt(double x)	app/src/commissioning_math.c:commissioning_checked_double_sqrt	Non-NaN input producing NaN sets fixed errno=1; 4168 comparisons match result bits, FPSCR, SP and errno. Hard-float factory ABI; complete stack/register equality not proven.
0x00023fd0	FUN_00023fd0	checked_sqrtf	source_behavior_mapped	math	factory-disassembly-arm-state	float checked_sqrtf(float)	app/src/ram_helpers.c:dm4310_checked_sqrtf	Factory instructions reconstructed as ASM with relocated errno call; 2640 factory/compiled ARM checks match R0-R12, S0-S31, SP, FPSCR and runtime context. Absolute flash/return addresses differ and are not claimed byte-identical.
0x0002400c	FUN_0002400c	factory_tanf_range_reduce_and_poly	source_behavior_mapped	runtime_libm	factory-disassembly-arm-differential	float tanf_factory(float x)	app/src/commissioning_math.c:dm4310_identification_tanf	All range branches reconstructed in C with factory VMLA/VMLS and errno helper; 8743 comparisons cover result, full FPSCR, SP and errno across special/random inputs and seven FPSCR modes. Not complete register/stack-byte proof.
0x00024188	FUN_00024188	double_horner_polynomial_eval	source_behavior_mapped	runtime_libm	factory-disassembly-arm-differential	double horner_poly_eval(const double *coeffs, unsigned count, double value)	app/src/commissioning_math.c:commissioning_polynomial	Ascending coefficient table, start at count-1, separate multiply then add for descending indices; shared by both acos polynomials. Covered through 3144 compiled acos comparisons, not complete standalone ABI/access proof.
0x000242d4	FUN_000242d4	libm_force_underflow_square	source_behavior_mapped	runtime_libm	factory-source-differential-disassembly	float libm_force_invalid_square(void)	app/src/runtime_compat.c:dm4310_runtime_force_underflow	256 full core/VFP register and APSR/FPSCR differential cases; both atan2/tan consumers use the shared source-authored helper.
0x000242e4	FUN_000242e4	tanf_large_argument_reduction	source_behavior_mapped	runtime_libm	factory-disassembly-arm-differential	float tanf_arg_reduce_large(uint32_t bits, uint32_t *quadrant)	app/src/commissioning_math.c:commissioning_reduce_tangent	Factory table at 0x28580, three UMULL-equivalent products, carry propagation, split fixed-point float reconstruction and pi residual sequence restored. Covered through actual compiled tanf executions; not full helper ABI/register equivalence.
0x00024438	FUN_00024438	factory_decimal_digit	source_behavior_mapped	protocol_ascii_parser	factory-source-differential-disassembly	bool is_ascii_digit_0x24438(int ch)	app/src/debug_console.c	RESTORATION_PROGRESS.md:1256 exact-R0 cases; fixed-entry/APSR/caller open
0x00024448	FUN_00024448	dm4310_position_sensor_calibration_inner_sweep	source_behavior_mapped	commissioning	factory-body-call-order	void position_calibration_inner_sweep(...)	app/src/commissioning.c:commissioning_run_output_sensor_calibration	Inner bidirectional sweep, drive/sensor helper order, sample accumulation, CRC/reporting state and delay cadence are represented under the complete outer-body hash contract.
0x000246f8	FUN_000246f8	dm4310_output_calibration_outer_flow	source_behavior_mapped	commissioning	factory-complete-body-hash	void output_calibration_outer_flow(...)	app/src/commissioning.c:commissioning_run_output_sensor_calibration	Complete 0x246f8..0x24b1f body is hash-pinned; source preserves unauthenticated entry, IRQ ownership, sweep/calibration writes, reply-before-IRQ-restore and neutral exit.
0x00024b20	FUN_00024b20	measure_encoder_alignment	source_behavior_mapped	position_sensor_calibration	factory-disassembly-state-order	void measure_encoder_alignment(void)	app/src/commissioning.c:run_alignment_scan	Source preserves drive ramp, angle sampling, direction/pole-pair dependent state updates, fixed delays and final neutral/IRQ restoration ownership.
0x00024ea8	FUN_00024ea8	debug_uart_character_writer	source_behavior_mapped	debug_console/factory_formatter	factory-source-differential-disassembly	void debug_uart_putc(uint32_t character)	app/src/debug_console.c:platform_debug_write callback path	Formatter parser/stream regressions compare every emitted byte and callback ordering against this factory entry; source transports equivalent one-byte writes through the board UART API.
0x00024ec0	FUN_00024ec0	validate_current_sensors	source_behavior_mapped	adc_current_sampling	exact-disasm-state-mmio-order	void FUN_00024ec0(void)	board/src/board_adc_hc32f448.c:board_adc_calibrate_output_sensor/board_adc_configure_runtime_sampling	1000-pass ADC/SPI sequence, VMUL averaging, raw-bit U/V validation, diagnostics, fixed-state alignment and ADC trigger order are mapped; see CURRENT_SENSOR_STARTUP_AUDIT.md.
0x00025138	FUN_00025138	derive_control_parameters	source_behavior_mapped	control_runtime_math	exact-disasm-state-order	void FUN_00025138(void)	app/src/platform.c:platform_derive_control_parameters	Authentication, bus-threshold D/Q gains, controller/observer order and selective observer reset are mapped; caller-owned speed/position gains are preserved. See CONFIG_DERIVATION_AUDIT.md.
0x000252d8	FUN_000252d8	copy_persistent_configuration	source_behavior_mapped	configuration_persistence	exact-disasm-state	void FUN_000252d8(void)	app/src/platform.c:stage_boot_record	Exact five-word copy from flash 0x1e000 to fixed staging 0x1fffc824 is shared by all three mutators; see BOOT_RECORD_MUTATION_AUDIT.md.
0x000252f4	FUN_000252f4	dm4310_main_commissioning_event_dispatch	source_behavior_mapped	main/commissioning dispatcher	exact-disasm-state-mmio	void commissioning_event_dispatch(void)	app/src/main.c:main/service_deferred_events	Startup call order, overvoltage halt, fixed event-word priority, commissioning workers, FCB/calibration post-flash state and MCAN STORE/persist handoff are mapped against 0x252f4..0x255c3; see MAIN_DISPATCH_AUDIT.md.
0x000256c8	FUN_000256c8	power_stage_self_test_or_halt	source_behavior_mapped	power_stage_pwm	exact-disasm-state-mmio-order	void FUN_000256c8(void)	app/src/platform.c:halt_on_power_stage_failure	UART reinitialization, bit-template writes, three-print loop, exact LED GPIO writes and 500 ms cadence are mapped; see POWER_STAGE_STARTUP_AUDIT.md.
0x000257c4	FUN_000257c4	dm4310_run_motor_parameter_identification	source_behavior_mapped	commissioning / motor identification	factory-complete-body-hash	void run_motor_parameter_identification(config?, state?)	app/src/commissioning.c:commissioning_run_motor_identification	Complete 0x257c4..0x264a3 body is hash-pinned; source reproduces entry/exit, 60000/40000/80000+20000 stages, fixed helper ABIs and staged parameter updates.
0x000264a4	FUN_000264a4	dm4310_detect_motor_direction_and_pole_pairs	source_behavior_mapped	commissioning	factory-complete-body-hash	void detect_direction_pole_pairs(...)	app/src/commissioning.c:commissioning_run_direction_and_alignment	Complete 0x264a4..0x266e7 body is hash-pinned; source preserves table clear, direction/pole-pair measurement, staged writes, acknowledgement and delegated final neutral/IRQ restoration.
0x00026758	FUN_00026758	debug_print_device_info	source_behavior_mapped	debug_uart_protocol_transport	exact-disasm-state-mmio-output	void FUN_00026758(void)	app/src/debug_console.c:debug_console_print_status	Print order/formats, fixed Imax, fixed hardware variant, live MCAN timing calculation, fixed runtime/config fields and mode arms are mapped; see DEBUG_STATUS_AUDIT.md.
0x00026d00	FUN_00026d00	handle_firmware_control_request	source_behavior_mapped	control_runtime_math	factory-disassembly-state-order	void FUN_00026d00(int param_1)	app/src/firmware_control.c:firmware_control_service	All request arms reproduce the unconditional 0x82 allocation, exact staging copies, acknowledgements, fixed-state updates, reset order and returning-path free/coalescing behavior.
0x00026de8	FUN_00026de8	select_configuration_bank_a	source_behavior_mapped	configuration_persistence	exact-disasm-state-order	void FUN_00026de8(void)	app/src/platform.c:platform_confirm_application_boot	Predicate, five-word staging copy, word1-before-word0 mutation and fixed-writer tail are mapped; see BOOT_RECORD_MUTATION_AUDIT.md.
0x00026e04	FUN_00026e04	select_configuration_bank_b	source_behavior_mapped	configuration_persistence	exact-disasm-state-order	void FUN_00026e04(void)	app/src/platform.c:platform_select_configuration_bank_b	Five-word staging copy, word0-before-word1 update request and fixed-writer tail are mapped; see BOOT_RECORD_MUTATION_AUDIT.md.
0x00026e20	FUN_00026e20	checked_double_sqrt_soft_float	source_behavior_mapped	runtime_libm	factory-disassembly-arm-differential	double checked_sqrt_soft_abi(double x)	app/src/commissioning_math.c:commissioning_checked_double_sqrt	Same value/errno semantics as 0x23f56, but factory passes/returns through R0/R1 rather than D0. 4168 comparisons account for that ABI distinction and match result, FPSCR, SP and errno; not complete register/stack equality.
0x00026e90	FUN_00026e90	store_application_identity	source_behavior_mapped	configuration_persistence	disassembly-and-callsite-exact	void store_application_identity(uint32_t ascii_version)	app/src/platform.c:platform_update_application_identity	Main's ASCII `5017` normalization, word3 predicate, five-word staging copy, selective word3 update and fixed-writer tail match; see BOOT_RECORD_MUTATION_AUDIT.md.
0x00026eb8	FUN_00026eb8	enforce_device_key_binding_or_halt	source_behavior_mapped	security_or_variant_binding	factory-source-differential-disassembly	void FUN_00026eb8(void)	app/src/platform.c:platform_require_device_authentication	device_auth.c token; 35 AES token and 8 UID/OTP trace cases; delay/printf abstracted and stack closure open
0x00027034	FUN_00027034	aes_gf256_xtime	source_behavior_mapped	security_crypto	factory-source-differential-disassembly	uint8_t aes_xtime(uint8_t x)	common/src/aes256_ctr.c:xtime	10256 factory exact-R0 cases including all bytes; full-register/fixed-entry closure open
0x00027048	FUN_00027048	runtime_select_locale	source_behavior_mapped	startup_libc_runtime	factory-source-differential-disassembly	int runtime_env_locale_stub(int, const char*)	app/src/runtime_compat.c	RESTORATION_PROGRESS.md:12096-case pointer/input-read pass; stack/register/fixed-entry open
0x00027074	FUN_00027074	factory_double_to_float	source_behavior_mapped	runtime_softfloat	factory-disassembly-arm-differential	float __aeabi_d2f(double x) [AAPCS]	app/src/runtime_compat.c:__aeabi_d2f	One DM4310-owned compiler runtime entry replaces libgcc d2f globally; integer rounding, signed-zero flush, overflow and canonical NaN. 4252 actual AAPCS comparisons match result/FPSCR/SP. Not complete register/stack equality.
0x000270d8	FUN_000270d8	factory_softdouble_add_entry	source_behavior_mapped	runtime_softdouble	factory-source-differential-disassembly	double softdouble_addsub_core_a(double a, double b)	app/src/dm4310_extended_core.S	1024 raw cases each add/sub/reverse-sub including exceptional operands match registers/APSR/SP and 16 stack bytes; explicit code-pointer relocation; fixed entry/full commissioning integration open
0x00027228	FUN_00027228	softdouble_div_core_0x27228	source_behavior_mapped	runtime_softdouble	factory-source-differential-disassembly	double softdouble_div(double a, double b)	app/src/dm4310_extended_core.S	integrated factory arithmetic and selector continuations; isolated 1024 raw cases match r0-r12/APSR/SP/24 stack bytes and explicitly relocated code pointers; absolute entries/full commissioning integration/timing open
0x000274d8	FUN_000274d8	factory_double_to_uint32	source_behavior_mapped	runtime_softdouble	factory-disassembly	uint32_t double_to_uint32(double x)	app/src/runtime_compat.c:dm4310_runtime_double_to_uint	Raw integer exponent/mantissa extraction, ARM shift>=32 zero, negative zero-result, positive overflow saturation; unary descriptor 0x24802492 action4 NaN low-word zero and action0 positive infinity saturation have no errno/FPSCR/MMIO writes. DM4310-only d2uiz link wrap added. Source/disassembly proof, not full register/stack equality.
0x00027532	FUN_00027532	factory_uint32_to_double	source_behavior_mapped	runtime_softdouble	factory-disassembly-arm-differential	double uint32_to_double(unsigned x) [AAPCS]	app/src/runtime_compat.c:__wrap___aeabi_ui2d	Unsigned CLZ normalization and zero case, not the old signed interpretation. 4196 actual ARM comparisons match result/FPSCR/SP. DM4310-only linker wrap redirects compiler callers. Not full register/stack proof.
0x00027558	FUN_00027558	softdouble_mul_core_0x27558	source_behavior_mapped	runtime_softdouble	factory-source-differential-disassembly	double softdouble_mul(double a, double b)	app/src/dm4310_extended_core.S	integrated factory arithmetic and selector continuations; isolated 1024 raw cases match r0-r12/APSR/SP/24 stack bytes and explicitly relocated code pointers; absolute entries/full commissioning integration/timing open
0x000276ac	FUN_000276ac	softfloat_exception_or_nan_propagate_0x276ac	source_behavior_mapped	runtime_softfloat_exception	factory-source-differential-disassembly	softfloat_exception_result softfloat_exception_or_nan(...)	app/src/dm4310_extended_core.S	integrated add/sub exceptional calls; 2048 raw selector cases all registers/APSR/SP/LR/continuations/frame match; absolute entry/nested callchain open
0x00027754	FUN_00027754	factory_softdouble_reverse_subtract_entry	source_behavior_mapped	runtime_softdouble	factory-source-differential-disassembly	double softdouble_addsub_core_b(double a, double b)	app/src/dm4310_extended_core.S	1024 raw cases each add/sub/reverse-sub including exceptional operands match registers/APSR/SP and 16 stack bytes; explicit code-pointer relocation; fixed entry/full commissioning integration open
0x0002776c	FUN_0002776c	factory_integer_double_sqrt	source_behavior_mapped	runtime_libm_softdouble	factory-disassembly-arm-differential	double sqrt_kernel(double x)	app/src/commissioning_math.c:commissioning_double_sqrt_core	Original seed/refinement/rounding and unary special dispatch reconstructed in C, no toolchain sqrt fallback. 4168 result/FPSCR/SP comparisons including arbitrary raw bits. Shared dispatcher 0x276ac is not fully restored for other operations.
0x00027904	FUN_00027904	factory_softdouble_subtract_entry	source_behavior_mapped	runtime_softdouble	factory-source-differential-disassembly	double softdouble_addsub_core_c(double a, double b)	app/src/dm4310_extended_core.S	1024 raw cases each add/sub/reverse-sub including exceptional operands match registers/APSR/SP and 16 stack bytes; explicit code-pointer relocation; fixed entry/full commissioning integration open
0x00027ad8	FUN_00027ad8	factory_float_to_double	source_behavior_mapped	runtime_softdouble	factory-disassembly-arm-differential	double float_to_double(float value) [AAPCS]	app/src/runtime_compat.c:__wrap___aeabi_f2d	Integer expansion, signed-zero/subnormal flush, infinity and canonical NaN; 4107 comparisons match result/FPSCR/SP. DM4310-only linker wrap redirects compiler callers without duplicate libgcc symbols. Complete register/stack equality not proven.
0x00027b3c	FUN_00027b3c	uint64_to_float_softfloat_round_pack_0x27b3c	source_behavior_mapped	runtime_softfloat	factory-source-differential-disassembly	float uint64_to_float(uint32_t lo, uint32_t hi)	app/src/runtime_compat.c:dm4310_runtime_uint64_to_float	arithmetic-only ASM; 10125 results plus 4000 full-register/APSR/no-stack cases match; UART caller restored; fixed placement/timing open
0x00027b9c	FUN_00027b9c	softfloat_binary_op_dispatch_or_nan_table_0x27b9c	source_behavior_mapped	runtime_softfloat_exception	factory-source-differential-disassembly	uint32_t softfloat_binop_special_dispatch(float a, float b, table*)	app/src/dm4310_extended_core.S	2048 raw selector cases all eight actions match registers/APSR/SP/LR/continuation/frame; integrated f2d including 27b20 out-of-range NaN continuation, 1024 raw conversion cases pass; rounding C dispatch/fixed entry/full integration open
0x00027c28	FUN_00027c28	c_runtime_fpscr_initialize	source_behavior_mapped	startup_libc_runtime	exact-disasm-vfp	void runtime_fpscr_initialize(void)	app/src/runtime_compat.c:dm4310_runtime_initialize	Factory MOV.W 0x03000000 followed by VMSR FPSCR is reproduced with __set_FPSCR before context and heap initialization.
0x00027c3c	FUN_00027c3c	float_round_nearest_even_bits	source_behavior_mapped	runtime_softfloat	factory-disassembly-arm-differential	uint32_t round_float_bits(uint32_t bits)	app/src/runtime_compat.c:runtime_round_even_bits	Original signed-zero behavior, mantissa tie-to-even and canonical NaN dispatch reconstructed in C. Covered through 28805 checked-wrapper comparisons; no complete standalone ABI/register proof.
0x00028680	FUN_00028680	fault_monitor_threshold_update	source_built_fixed_entry	control_safety	fixed-runtime-address-differential	void fault_monitor_update(void)	app/src/ram_helpers.c:dm4310_fault_monitor_helper	Factory flash load alias executes at 0x1fff8000; source-built helper is linked and startup-copied to that exact runtime entry; fault-monitor differential regression covers its state transitions.
0x0002a2c0	FUN_0002a2c0	svpwm_timer_compare_update_0x2a2c0	source_behavior_mapped	control_runtime_svpwm	factory-scatter-source-fixed-entry	void svpwm_timer_compare_update(float alpha_like, float beta_like)	app/src/ram_helpers.c:dm4310_svpwm_helper / board_sampling_timer_write_space_vector	Factory flash load image maps exactly to runtime 0x1fff9c40; source installs the fixed helper and preserves sector selection and compare-write behavior.
0x0002a448	FUN_0002a448	clear_control_runtime_state_0x2a448	source_behavior_mapped	control_runtime_state	factory-scatter-source-fixed-entry	void clear_control_runtime_state(void)	app/src/ram_helpers.c:dm4310_reset_control_state_helper / dm4310_reset_control_state_step	Factory flash load image maps to runtime 0x1fff9dc8; source installs the fixed no-argument ABI and performs the recovered selective state reset.
0x0002a65e	FUN_0002a65e	motion_observer_state_step	source_behavior_mapped	control_runtime_math	factory-scatter-source-fixed-entry	void motion_observer_state_step(float *state)	app/src/ram_helpers.c:dm4310_motion_observer_helper / dm4310_motion_observer_state_step	Factory flash load image maps to runtime 0x1fff9fde; source preserves all fifteen fields, VMLA dependency order, stores and ordered NaN-preserving clamp.
0x0002a6fa	FUN_0002a6fa	current_controller_state_step	source_behavior_mapped	control_runtime_math	factory-scatter-source-fixed-entry	void current_controller_state_step(float *state)	app/src/ram_helpers.c:dm4310_current_controller_helper / dm4310_current_controller_state_step	Factory flash load image maps to runtime 0x1fffa07a; source preserves all nineteen fields, four VMLAs, store dependencies and ordered NaN-preserving clamp.
0x0002aa0a	FUN_0002aa0a	clampf_like_0x2aa0a	source_behavior_mapped	control_runtime_math	factory-scatter-exact-asm	float clampf_like_0x2aa0a(float value, float lower, float upper)	app/src/ram_helpers.c:dm4310_clamp_helper	Runtime 0x1fffa38a contains the original 32-byte instruction body; compiled section is byte-identical to factory scatter image.
0x0002aa94	FUN_0002aa94	clamp_vector2_magnitude	source_behavior_mapped	math/control helper	factory-scatter-exact-asm	void clamp_vector2_magnitude(float max, float *x, float *y)	app/src/ram_helpers.c:dm4310_limit_vector_helper	Runtime 0x1fffa414 contains the original 86-byte instruction body including BL to fixed sqrt veneer; compiled section is byte-identical to factory scatter image.
0x0002ab84	thunk_FUN_00023fd0	checked_sqrt_helper_veneer	source_behavior_mapped	thunk/math	factory-scatter-source-fixed-entry	float thunk_sqrtf_or_norm(float)	app/src/ram_helpers.c:dm4310_sqrt_helper / dm4310_checked_sqrtf	Factory flash load image maps to runtime 0x1fffa504 and tail-calls 0x23fd0; source fixed veneer targets the checked sqrt implementation with the same runtime-status side effect.
0x1fff8640	FUN_1fff8640	boot_record_flash_writer	source_built_fixed_entry	fixed SRAM/flash	factory-source-fixed-entry	void write_boot_record_from_sram(const uint32_t words[5])	board/src/board_flash_hc32f448.c:write_boot_record_from_sram	Source is linked and startup-copied to exact runtime entry 0x1fff8640; 65 differential cases cover ordered register/Flash accesses, five-word payload and completion state.
