entry	body_min	body_max	classification
0x1fff8000	0x1fff8000	0x1fff8135	callable_helper
0x1fff8136	0x1fff8136	0x1fff862f	irq002
0x1fff8640	0x1fff8640	0x1fff8723	callable_helper
0x1fff8744	0x1fff8744	0x1fff876f	irq000
0x1fff8770	0x1fff8770	0x1fff88b7	irq001
0x1fff88b8	0x1fff88b8	0x1fff982d	irq003
0x1fff987c	0x1fff987c	0x1fff9931	callable_helper
0x1fff9950	0x1fff9950	0x1fff9a37	callable_helper
0x1fff9a38	0x1fff9a38	0x1fff9abf	source_erase_sector_only
0x1fff9acc	0x1fff9acc	0x1fff9b0d	callable_helper
0x1fff9b0e	0x1fff9b0e	0x1fff9b9f	source_variable_length_fd_send
0x1fff9ba0	0x1fff9ba0	0x1fff9c31	callable_helper
0x1fff9c40	0x1fff9c40	0x1fff9d4b	callable_helper
0x1fff9d5c	0x1fff9d5c	0x1fff9dc7	source_clear_loop_states
0x1fff9dc8	0x1fff9dc8	0x1fff9e43	callable_helper
0x1fff9e44	0x1fff9e44	0x1fff9ea5	callable_helper
0x1fff9ea6	0x1fff9ea6	0x1fff9fdd	source_derive_drive_controller_states
0x1fff9fde	0x1fff9fde	0x1fffa079	callable_helper
0x1fffa07a	0x1fffa07a	0x1fffa117	callable_helper
0x1fffa160	0x1fffa160	0x1fffa233	callable_helper
0x1fffa234	0x1fffa234	0x1fffa2fd	callable_helper
0x1fffa30c	0x1fffa30c	0x1fffa389	callable_helper
0x1fffa38a	0x1fffa38a	0x1fffa3a9	callable_helper
0x1fffa3aa	0x1fffa3aa	0x1fffa3dd	callable_helper
0x1fffa3de	0x1fffa3de	0x1fffa413	unreferenced_arithmetic_helper
0x1fffa414	0x1fffa414	0x1fffa469	callable_helper
0x1fffa46a	0x1fffa46a	0x1fffa491	callable_helper
0x1fffa492	0x1fffa492	0x1fffa4b9	callable_helper
0x1fffa4dc	0x1fffa4dc	0x1fffa4e5	callable_thunk
0x1fffa4e6	0x1fffa4e6	0x1fffa4ef	callable_thunk
0x1fffa4f0	0x1fffa4f0	0x1fffa4f9	callable_thunk
0x1fffa4fa	0x1fffa4fa	0x1fffa503	callable_thunk
0x1fffa504	0x1fffa504	0x1fffa50d	callable_thunk
