entry	name	instructions	shape_sha256	normalized_sha256
0x00020250	entry_stub	2	fa2857f593bbbe2ac18071ca9fd9b12c28052e127e45ba10f3d51ba028c1019d	2cbf14f2e7c547db8dd7a37788e2455b4a4722f20ab06effb61075524bf81e22
0x00020258	scatter_entry	15	2e708b6192e2bd7c200b60b3c53f2452c83e8556e9bda2d5c641f3bbcdaec694	6aad6554dca3a8223e4ee84fbcb934a531050127264333a8a17f43e773381941
0x00020328	runtime_format_dispatch	425	aa68a115e2b88cc23b2a3a3aa687b463823bf368705b2027a3b9b3b14fe5abc1	3d15df4b711f758f496cb77091b7bdea1d7d74f884548cdb0548501cd29fff63
0x00020344	runtime_initialize	11	0b9225855d570fa2bd3e50e70f32c9a78c03e2eb5e8de1327b9c837790826b4b	708e113d08eee33ef837a59a97c02df47b70deaba6633e59a23aaa7ea463184b
0x00020364	runtime_exit	2	1cc57be4daa0faa7c5a51bbc556ff4633499c54b0a1a79e9e98e4d36ea5785ef	d6fd061f763669743e2a6da52850177870b4f163144c139bcacd3b61263c692e
0x00020368	runtime_main_entry	10	a7ffe861e540ba8c6411afd41a6ec67446c2f03fa583c7364210704039df147c	02137a862df18dba43f44f1e1530824261ec92830d311f705c8fa6224777c89a
0x00020388	Reset_Handler	4	429c17233d4a0fd61c5c1aaaa4a33199b4b4b0156cc60dc2bd5a2dbdaebeb2f7	5138a07cdb996973c19873ee49bb6f3bf6cee0dbafe7137983391206ec4a9753
0x00020390	NMI_Handler	1	f43b3f8da70e9e36a070e62b94ded24ada9f569e595968829646e2cb3b073fa0	4e1b75a6a655037bef8564617529cfc231546f4fdd5aedbfa4a0c56d6b0d2aba
0x00020392	HardFault_Handler	1	f43b3f8da70e9e36a070e62b94ded24ada9f569e595968829646e2cb3b073fa0	4e1b75a6a655037bef8564617529cfc231546f4fdd5aedbfa4a0c56d6b0d2aba
0x00020394	MemManage_Handler	1	f43b3f8da70e9e36a070e62b94ded24ada9f569e595968829646e2cb3b073fa0	4e1b75a6a655037bef8564617529cfc231546f4fdd5aedbfa4a0c56d6b0d2aba
0x00020396	BusFault_Handler	1	f43b3f8da70e9e36a070e62b94ded24ada9f569e595968829646e2cb3b073fa0	4e1b75a6a655037bef8564617529cfc231546f4fdd5aedbfa4a0c56d6b0d2aba
0x00020398	UsageFault_Handler	1	f43b3f8da70e9e36a070e62b94ded24ada9f569e595968829646e2cb3b073fa0	4e1b75a6a655037bef8564617529cfc231546f4fdd5aedbfa4a0c56d6b0d2aba
0x0002039a	SVC_Handler	1	f43b3f8da70e9e36a070e62b94ded24ada9f569e595968829646e2cb3b073fa0	4e1b75a6a655037bef8564617529cfc231546f4fdd5aedbfa4a0c56d6b0d2aba
0x0002039c	DebugMon_Handler	1	f43b3f8da70e9e36a070e62b94ded24ada9f569e595968829646e2cb3b073fa0	4e1b75a6a655037bef8564617529cfc231546f4fdd5aedbfa4a0c56d6b0d2aba
0x0002039e	PendSV_Handler	1	f43b3f8da70e9e36a070e62b94ded24ada9f569e595968829646e2cb3b073fa0	4e1b75a6a655037bef8564617529cfc231546f4fdd5aedbfa4a0c56d6b0d2aba
0x000203a0	SysTick_Handler	1	f43b3f8da70e9e36a070e62b94ded24ada9f569e595968829646e2cb3b073fa0	4e1b75a6a655037bef8564617529cfc231546f4fdd5aedbfa4a0c56d6b0d2aba
0x000203a2	Default_Handler	1	f43b3f8da70e9e36a070e62b94ded24ada9f569e595968829646e2cb3b073fa0	4e1b75a6a655037bef8564617529cfc231546f4fdd5aedbfa4a0c56d6b0d2aba
0x000203a4	runtime_memory_bounds	5	01196c7011bdd308acfb44d084702ad25245e763786882d28b1f9844843dec3b	ec848cdff73fc5c8d95d6eed0f1b06eea5062c30d0f49e4e15151f5cf95cb19e
0x000203c8	FUN_000203c8	42	8ed758cac8102e1717acaaab2c8f360cf37835a926387739108bca346f96737a	32b5e242185c5d645834964ace7d50f27d98c9d74ae78c8edac730252d247227
0x00020474	FUN_00020474	8	300777507bc6a049b5a6ca79c8458425666f7b37e3787f21a2c84e732a5aab39	446489f71b9fc857800fc16e199855034604b5023db934e4a98369112639e0b7
0x0002048c	FUN_0002048c	21	7e540403fc6f4acfdf18608131ffdbd72d87c48fa005a6dd1f9e6d028bc1a200	5168c5b071ca6976f81518e5ec352abb54ac3851e19a675f3eb967963c88add8
0x000204b8	FUN_000204b8	16	7bcb57471a4425ac3863a249a0eba8108091656a940e9ae43ff5eb4559b3582c	9a65944d1c5051dbef8ca917bbe1294476bd76f295f6af47e3ba5dc7fb6e9b44
0x000204da	FUN_000204da	37	5a77cdb4836307ef4f8768cf7f6ac186944be07a77fc5973836251ea6f8a0baa	94e4440333c96e1dd810f678255c968499224621f0e45def9034a4dbfe0abae7
0x000205fc	FUN_000205fc	124	cdee86d39af6a4f1dc23c56000a69ad45a6ea626b64a637a93391d79c8b3042e	b88d4de43b755d30d2e3d77c93437ff923e4cdee123b0ffad3fdb65641029db4
0x00020734	FUN_00020734	43	ededb239de9ff01a27f918197c2505b1d199c24ef315bb79b26d4c23b323250b	4187e6157634b2284eabfa38080724fc1823896b67ecc2dc042f3ada64059fe6
0x000207be	FUN_000207be	33	8650bfb3c9f8495e70ba1b6a7695a1528f55047793a6fa16903d99f8195c5ce5	9d8c9fb5b2ec84b001665a6ad805a157cd49f5a9fd49b1da8801a7081aec3578
0x00020828	FUN_00020828	2	e4e15270a1b904c0cbd25a0c81cf662412c6543bd71ca50338cbed30defc0bcf	ecae2a1266e5b18f66d55872c13a601eb370d4d9288c1fe58ca45cb50a4941e2
0x00020838	FUN_00020838	15	017f97e574850150ee37b5db210b41a3189cd20e94782b815371159e47508e93	9415a3fe2344e6179090a8848d09d775ba78331bb3432140937b0884338741af
0x00020860	FUN_00020860	77	020cdd57443a1bbb1c505dd6dfb0223eee6846024f7035644c6b8989e314a188	914c7e170933dcd05ba7fbeb964d7c6ec5a0d0f54a176a209736e9d2c588cf9b
0x000208be	FUN_000208be	4	ad2f5ac9b72b08c0f633ec81c5b0a57ee59dd54de9e73d57a72cba85b8ced9c7	d9c71e8faebb0faa6654e1ef3fe1ebc2176dac423c7cdd23a50f0b3799669486
0x000208d6	FUN_000208d6	5	778646d29789deed0b677dc7b7b7f6173882eeb5affc0906d09b16e619fd8523	211bd20b1d326bbd99802da1430a3b80c36299bcaba76f7a88ae1993ca7d88ea
0x00020996	FUN_00020996	173	9d5c8163f417c38abdc1d85c791751d5415adeefa40540d2aa0539f21ef1fc4b	e0a06f76db3b0a1525166847babd944fac1b4c6b7ef45017ec582a87389aabcf
0x00020de0	FUN_00020de0	13	ec4329d60458ef503a0b12567c6b75923b189ef91e526ee2ad7e7b2e2e5ea057	fb1d1811a324c93ca86e1c222dc4815871ac17c14980d16b7c12517549f236f9
0x00020e04	FUN_00020e04	2	e4e15270a1b904c0cbd25a0c81cf662412c6543bd71ca50338cbed30defc0bcf	ecae2a1266e5b18f66d55872c13a601eb370d4d9288c1fe58ca45cb50a4941e2
0x00020e0c	FUN_00020e0c	2	e4e15270a1b904c0cbd25a0c81cf662412c6543bd71ca50338cbed30defc0bcf	ecae2a1266e5b18f66d55872c13a601eb370d4d9288c1fe58ca45cb50a4941e2
0x00020e14	FUN_00020e14	2	e4e15270a1b904c0cbd25a0c81cf662412c6543bd71ca50338cbed30defc0bcf	ecae2a1266e5b18f66d55872c13a601eb370d4d9288c1fe58ca45cb50a4941e2
0x00020e1c	FUN_00020e1c	23	7d5cb13183972c92f4a3cb878763620912860404820928318ef0408a654a8781	b089a7bad64fbad03a7fe6f0aaf209d206bc8643c38fefca07f02b5f871d7eeb
0x00020e50	FUN_00020e50	40	3bf0d3452cb1d7ea5f2ad4d56a1a54b1e1710a99c98e99de0aadf7bc78f43b5a	30e1f531ad153d0bfafecd57df5ec5e1b703d9c0612ab3ef1f12b0dd8302843f
0x00020ee6	FUN_00020ee6	13	94c79648106e887343ba3f8fe4c68dc67312c1266ab5da94c30a76033fad1f52	97ed03c32067a7c0b251c5ba51b7eb66ba35428e4e5c16ffad0701f6868b4eb2
0x00020f0c	FUN_00020f0c	47	e5a99c683e759309233e230c545c1f1cf3f29d3495a57c30845150f6b24ecb20	95fe910c6bc9edd274e2a85ff6fa3c8fca79a6710d955664312eb8afc7ce2a24
0x00020f8c	FUN_00020f8c	85	100b41f9a5c83ad79aef54fd7a32092e40c935f065765684a684049c68baa520	f85c4de5cb544af4cd8be78def14ebae34173aa3adf4798ccbd5229ece36cb5a
0x00021070	FUN_00021070	3	c350c72c3322156797eb8602c2e134ae8d528996df7b5f9c9570af8e60c4659f	04a43db46cc0c3590d70d594a0bbde887876024ea8ea584cbbe5e9947f8ae3d2
0x00021078	FUN_00021078	8	25b1630a2e9517999e18476855829929c6a3b76cae66e8b9b6bc40ee590b588b	767b7ae379c99f3c5ad36c6bc3173f268b15ca0704060a11fcca74eeb6432b90
0x00021088	FUN_00021088	24	6927b0744ad07f51bbc5f0bbd757a09464d715334e0f50d1e290e9b5d3a8f5fc	883a79f1dcfd199381cc1f42bd091fd64f267cf5f1c93ad3fd5444045f7c10df
0x000210d2	FUN_000210d2	6	05cddae047d2047a3251980ea23eedbeadc2acfc940352cd0be8e60a00a2262d	b90555eac1c7c52d91143aae8a14717659c9f9b291ac1f01e072891ae06929c9
0x000210f0	FUN_000210f0	10	964787d2f254b25369bb2fdaecf5b95ceef1b42a55d8fbafdd9064baf8869543	64644b8f861c3b77af51432aa0b4d5bb5bbf8ab627ff8ea3354d319470debcc8
0x00021140	FUN_00021140	43	dbc8f655ad339334ea3cb91971776a30e3a496b1a642dfe0a4339c51434aaeed	11d51d321dbd8d862b6100ea58b3a0e6bbc0e4baf322022f7508e627ca8f59d2
0x000211c0	FUN_000211c0	4	362fd8981e3d7fca9ad065be2757a4f58a635f3bdcf507f09e82360acde5eea0	71638ca00199e0e5fe266428407f7ea46d6e021f47b40878b6b969456699ddb2
0x000211cc	FUN_000211cc	21	7d72adf32291c32d11aa9c85309e8be7c3b15f5a2f0b6997d5abce194706becc	7718416db5a1ae03e6a85155395adcdef673af5648c96084ba73da5eb4abab72
0x000211fe	FUN_000211fe	6	77ace26367bc56fa9c6cbbf170c13df8d47d6a65237c6adb0b6038f80297087b	9956c3be09401e6c93adcdb4eb8e3a96f96c20274a903f6bcd77aae657500eae
0x0002120c	FUN_0002120c	77	da8c1ebbbd36f84502695f9e837b06aab8f1e4859c42baadd2c6e83f2982409a	7a78a9496fcb7ddee3fa88861716947ab07bcf75a6c9118a2e9a440be3eac740
0x000212f0	FUN_000212f0	192	a4505739fc319321306e737dd10ed0267cb586b8734e49a744d2eaa9bc9978e7	3a654a295fc668222d04807e84f85cfd5b5e15aa8801d486e139e3c31b791788
0x00021628	FUN_00021628	69	ee1b5899a110998b804ebfbe4b99c242cfbbabfb2efd35d925b32f1c542978d4	9cda8c925271fc8d10d3db8a6640ebc57dd1257b86ac1e85e78e35b85fed1485
0x00021704	FUN_00021704	14	4607f8a3e067dce0b744ebc3123c3d00cd1965ebba940d6f84495214899b727d	728e6e481ab3072aa27bf37f1b2c49aa65e1c4bd93de4cb580dc2d51cdac5164
0x0002172e	FUN_0002172e	14	4291b8a543d1b816aab1b66d847730a5653431c16d0748b710d914fad9555368	5cbe09e1dbd4298e38cc3826302c852c70406b7311091ed426aae3af4f1cec43
0x00021758	FUN_00021758	160	e2bd71b244396d209e8063ab2da698041896feb1baa083bb522c9b4bc8fd0f5f	26f26f83fc5cb027e8b9c643cb0c63230ac8d9db7930cea6c633349d5a8c5ace
0x0002199c	thunk_FUN_1fffa310	3	606466f5bd2b476dbb1b6d626f55ec24eb204419821810835014b3abd47aafbf	0f8313b93987c3a74abdb973d48f9fa387ce05687ddfcf6e10d1b869011933ef
0x000219a6	thunk_FUN_1fff9954	3	606466f5bd2b476dbb1b6d626f55ec24eb204419821810835014b3abd47aafbf	2a2a26a3cce0bf775e3d77b092a27394a342eb9c8aa21dd8f9c4a9586efabcfb
0x000219b0	thunk_FUN_1fff9c44	3	606466f5bd2b476dbb1b6d626f55ec24eb204419821810835014b3abd47aafbf	95dd42a92d8ed10078617833efda88ccedd24310210cc1582eb00909be6edc09
0x000219ba	thunk_FUN_1fffa3ae	3	606466f5bd2b476dbb1b6d626f55ec24eb204419821810835014b3abd47aafbf	6113f012a9a10d14dbd3b5ed67692cab4adc32aa933f0fdf52fe54246e0c7276
0x000219c4	thunk_FUN_1fff9880	3	606466f5bd2b476dbb1b6d626f55ec24eb204419821810835014b3abd47aafbf	9b325f95dd5c9edbe45b031385170e82c4e6cb2144e28e533e64f614552c864c
0x000219ce	thunk_FUN_1fffa164	3	606466f5bd2b476dbb1b6d626f55ec24eb204419821810835014b3abd47aafbf	1208ff899fda2a313ae51718b26df30ba1004a31341a40b579eec00bacb74403
0x000219d8	thunk_FUN_1fffa38e	3	606466f5bd2b476dbb1b6d626f55ec24eb204419821810835014b3abd47aafbf	4749074dcbe33281cbe0efc21b3e88383da8a0ce3d901fb7d5deca3395d07922
0x000219e2	thunk_FUN_1fffa238	3	606466f5bd2b476dbb1b6d626f55ec24eb204419821810835014b3abd47aafbf	bd8ec9854f76adbac227bca53de97f99f0526cebd5f91b8100c1e921a8d231d8
0x000219ec	thunk_FUN_1fff9e48	3	606466f5bd2b476dbb1b6d626f55ec24eb204419821810835014b3abd47aafbf	d58c5b3de5420491e9d2d35f0e557dcb4a743568e7873d7f094a76155b4f5b07
0x00021a00	FUN_00021a00	96	7a6b11f01a4149adc2ae815fa026c79620d009b7ef2e460ad01af6d8bb931210	f01aaf2eeba6e54c10066686e697ab918bd2af9733b50d6d5fd8a696f5939777
0x00021b00	FUN_00021b00	87	e9e0c501cad69708b649a154a9f8b42e01f0800698f47158fc2bb743a15d63ca	92f7bb088b77ef85a87e6fba5ec5f05cca4519eef2a2b1f5aff086a1b8dc1b07
0x00021c1c	FUN_00021c1c	46	69f24b7d2f836117fc473f68c738dcd137fb44b7c6c1fd612a550600b6fd36e6	16463b963aa80ab8af7cdb87eaebdeebb65ac57f4adafbd01fd09b162657c247
0x00021c98	FUN_00021c98	19	2f4757838dec6ad1e6bd12c1e9d7eb751e3a2260e2690a994524555af266f91f	f58466f30ac4603705329489b87adf6798844e71ce72cfe1f3b1c2e63ca4170c
0x00021cc8	FUN_00021cc8	150	be73c6e39bda1a09300238f0a825e100afb8bc5903f5fc906be9cd6afaa6a7a4	87b6c6116cb1e8062310bbfb4a54e69aa7b5fce98b47fb0ca890a3b7e45976f5
0x00021e88	FUN_00021e88	14	19f648fd47b146a14512f0de9d72efaaf88d6cc80ab8db1277f65e6506f86fdb	d96f77e0bca4f523bfe4d333f849b9af73ebe7de4d713596cca2f5797aaab039
0x00021eb0	FUN_00021eb0	10	47e9fcb33de73b8b7bd52d681ef88686dcd7e76852ceb0c7675bff3bd74f23ca	a83eaf030f77975f3ffbfebe5cc546d3b77bce2969ba4ebe610002ab8353e864
0x00021ed0	FUN_00021ed0	31	e73d2ab7031e75807a1fffb0866f47fcb2d5ba99d8f04b0e70df6d5ab5a0e581	5ba83d8d9d0c9285eba2e6b7c0b9a34e3b10cc0caa214fca78b63e8a341765a0
0x00021f20	FUN_00021f20	3	f328ed65a29b55101cb0919d2897e6facc9767bbdcffcbaac6d5fc475c72f119	7eb8e3440c04fa7f88197f3e2ad4845458d269c6897919359b905ef654574632
0x00021f28	FUN_00021f28	18	f0cc7e39a5d21acf3fac55c656c5e00b3c28593760a84548a2cd474477c29055	524f40ed0fbd410390a4e349dc9ed2c52d766c0aff8f62bca4e97b65cc8666e8
0x00021f60	FUN_00021f60	31	69e6e3f96bc436ac0da787f729b5f08f5062dbade9606b3623cf1d5dca9bd91a	353d00c5f01d5b67a4f7e435c7b3f21db14adc8b0cd64c70fcacd45a8e1c2edd
0x00021fc4	FUN_00021fc4	207	b32e3fa945867976b58bd18e736054142067173007c479fa42ca92081eefebfd	3e269cfae44dc6201845ec583355367f329c7db155b0f6cd887a09165d33741d
0x000221f4	FUN_000221f4	30	15f4b5a6ce494103ea0f0d674b9bc7567eb082930af81ae7b6b696189840958a	4abd0ba4e383f34af06c9d7cd4aa25d67e99fdc8ecef6897c8fd0faeda50bedb
0x00022244	IRQ4_Handler	272	89b7f7f490a4c794da649d8fe155bcf40cbc1b3e0f1bdb101562391538e12dbe	780e3594d359b37465bb1f8b29abbec33ab2e0186a7700e8f905a98ece7400cb
0x00022570	FUN_00022570	79	45bca02cb7aee78d74cac968183036f3633a2d6193e3f0ee79169c8778cd146d	fee1aaba5b9748949e3c20bc36f0e802f86217bf72c924bf55757c884910910f
0x00022658	FUN_00022658	153	dde28fe24af32569a868503fc2bf79614f7d65b91e0283a92cc700a869bb5641	af1f543ce8ac5c23110b6c8e00e28ccb036a996af1117a3c2e3e01957bf8831c
0x000228c0	FUN_000228c0	211	bdb08dfb44d727d6ee723db0853608736a859795eb8b31a65103b74521eec6bc	2fc07eab59b8bccdbd5c4423c76b82a4f8af00f024e932a177433976fd05f0d5
0x00022c10	FUN_00022c10	49	2fb3cd2ea75e3ae6df2b9de00491691d461d606a9e980dcb5a70afab674bf9c4	9dcc1c869b766986afb447bfec9e179e4230ecba519293826998b53c6d0ba2f3
0x00022ca8	FUN_00022ca8	232	814782749d5e8c489e40c38029e2c6db3cbbcaabe935fb87c6626b832659c431	3d434cccb3bc3a260eab888bd38c67a40f0162515716fa069529a180dd2f385d
0x00022f40	FUN_00022f40	44	5fda8c368a8062d44aef5815e9f34de81cbe0ddcfa0ac1201cb19181a8313fc3	90c3f9b7cdda5017d5cd8aaae8d03ac62f491891d052ed46f42ff2998ca5f685
0x00022fac	FUN_00022fac	96	20eae22a0c20ce9c888340a2f0b1b6fc4b0981132222ba05465955d6fc10ccfe	2d6485d2a23c643a352773ff16e45be54d828b90710f0a66972881963a011f62
0x000230c4	FUN_000230c4	61	91688fac490db1341ac810aa6c3668096241308896e5808f9f833b7b9a1a75c6	cc9bf0f51f912437dd14b40134bffa0d95e74813f92b150ea5e0aee1d6396d3f
0x00023170	FUN_00023170	48	ac3f691fae98b1914f3dd34f9b7698104a130b6a1f44b6772a082290296d0dfc	b38729f831d0c69aac17c9c6e6ae7d83fada68c0e5dc7d8d84b729e4165ba615
0x000231ec	FUN_000231ec	11	febd76d819a622a3306a94c00e92fa3eb0a6201f60b34bd61cb19b4d955cdf3c	6d23f6e619e15d49ed6bbadacc6a61a6c67bf8457eaf3f0869ae802e81062aa0
0x00023208	FUN_00023208	190	83d888af2b378d452ae635abea539413cc5d2575f9786229599a92fd262b9111	1328382cefbf7b9eedd34758486554d67d7ebd11d16a8b6478c813b2d9db7799
0x00023460	FUN_00023460	25	92d2fc41e80970dbc4d9d0f7fa84fb4b681a7fa5ac34509eeb37aa94d6d32ccb	66dc601feead7574ef9496222646e5a7cfa13aca0ffd9df08c99f8739a996908
0x00023494	FUN_00023494	17	0a57a470f7d1b0124299da77af53f5bfd91143215a1a31f15e03c48fb9b58611	9750a31ea3a1d2418ab5f0b3fdf50af13dbccd4e48195f28a099bf3a5d472045
0x000234bc	FUN_000234bc	43	9d6703fd140a8dd0cb9b51a37f81df39de73ff185ea77c89c96fae1a416f9ffa	c2dcdc6ccbd438350b0b79df5e70ea8958ea68327927389a42c2bfaa2e778f71
0x00023554	FUN_00023554	10	94fb4754f6f9f4e88ccd1269caf73a1498fa4a4575e1c332c45c59ddc9739a3c	96296f615235dcad147e8026c4317f0f59bdc95e04538926acfac47ca99c8986
0x00023574	FUN_00023574	13	d31af87e11f8449d5edaa7d2a52918ecd130a841181a3f8ac65525a2c9ec4edd	672054c2b0b53af8b82dea1afb851399730a34a0ec8d487b36db6f2f9bc56021
0x0002359c	FUN_0002359c	156	d0ba4667de9f05f70b9c5d0589f3cfb0c47725d7e2d90f39ffe55242cd87ea4b	0d842db086964311bad47542439a2c163eb263cb6094b9d14fdbf99e75e3c4ab
0x0002379c	FUN_0002379c	15	3e6194a65da993c7fe8e5041afc089ce987808a0a61127fe3c3b18d6a59df6b7	870a189fbeb1899cc4576d1f2c844731dea1ea83c501f26718d8962bb0ea9b99
0x000237c0	FUN_000237c0	19	0893371f79a4f81c847c59d1de92c4f71e97afdc58be00c6127f7a81d855141b	8dc439e50c0ba2e9ed7e602798946bedd084dc2f96c5a25829f993438a670390
0x000237f0	FUN_000237f0	15	1a7ba086ce5f97f0fb002993f61b829e054bb74c09e631a0e3c1a27c3e2c0203	2d5e666b156c00e416d27c7ac8d597fcd18927ddec6a7e6aab4df0b6c1cc780a
0x00023816	FUN_00023816	10	465e55e1763471b90bbb0043f409ad652f1bcec13eecd91bf59229e26a852ca2	c2655a19b3e20f5f41ed4cefea19d10782c48b0950d9f1ad8342f317db6ace53
0x00023830	FUN_00023830	12	5d7844e57c9b901f9399e1bdd865ab1373b9b5ffa624c8013591885206865b1e	0099db753e74314928140622a6f0e6e88604d8645ca902c5ab69485d430f776c
0x0002386c	FUN_0002386c	11	dc72e1ba9fe80067f807f107a02f2aef64d4cbc71a282b52274333b6a9313b05	871a8d630681147c55ad58a7e5a16e9b9e9d48f31d3123e98080102f89002a8a
0x00023890	FUN_00023890	228	dc72574f3512454644d0f63412efb3ad0edc7acea4c4d04333db779c93b3d645	87043425dc4e24c53ca056f93f3654e4e9dc60299183209c948ed81aa176779a
0x00023be8	FUN_00023be8	182	d6c104e101af1c643b7f081ac45077261725ebe1ccf0ab2f4832d9c3b534f1fa	368564e00352b8e3106f59f8f5412274de0634efdae9bcf27e52a8cbbb14ef5a
0x00023e94	FUN_00023e94	61	ca9ae6aa69c83cf0e252b01f24945f07940ce34435f80b3320b70aae2f95f615	0d3ff6060352fe0f43f5731b3a57843f8a88c28e2808cc08b794038378b9bd50
0x00023f56	FUN_00023f56	39	7d4fa9c3521c8aa18c94d517a3f6c32f895e9d76c790492199609ca02cab2249	8b812406dc15ff083437bbe829802b0c9c27636cef391b619ad00908e09ee791
0x00023fd0	FUN_00023fd0	18	8d2858c37809e8e075084c236b1cc649faf685764168f26805899e133c97598b	15e02f307ff287f5524605ac52f927bec6f0c954d9776cd45262e9f352f33f14
0x0002400c	FUN_0002400c	102	51d83f142ac7ebbf0ad553b03b3eeb75aa170e0ab4a920a5413bd25d7c5f7603	7485aa37e0af302570b591b973b8d9ac9ed02a3810f0a18325a2b28eda2c81b1
0x00024188	FUN_00024188	69	926e882b37018a3e33a73df00cb3cb2c2020490f25bf416099b1ff20a8e2d987	df9a74a9e597a92e69164106844a070480772612f9b89ece111f8dee8678bc50
0x000242d4	FUN_000242d4	3	5c538331b50cb8a516c563d9d90bb83640d6904675ea797c31fb7b486dc006ea	165a36b5e2bb5898305c083ab4e5f65568eba7c67daef994793034727c31b1d2
0x000242e4	FUN_000242e4	98	81f1206d7dc6fc813d552228707c4d3809e74f09da16a6358b35ab9b74766b45	e96c482f7afcfb37f35b5515bc4d9a8e770abb3d70d70c15682632bf10c1d1c5
0x00024438	FUN_00024438	7	a877a9b449b4aec8b240fcec27233e9b647979c43c46b46c048655a2d4d481b1	4e1c92e2a2c03b8db1fb91551c99742ad08f51915d905da4a4b7cc844193a7d8
0x00024448	FUN_00024448	170	71fe1f69d8b4cb4e5a635c39c2ec742105ba93f30a12c05585ccdee15d151f06	ba7d74bcd597713467a8d3cfb42a0bdeda14aefdc66d38ced17b198ae43f36d4
0x000246f8	FUN_000246f8	288	798e6a42c74400612b8e5a6f24c6f4fb75ffa1ef45860980302ddb66164a29e2	53c3f87ee3371ff3130b6f8d6a3a480e81f47cc941769c59c75f80c5188a7c8e
0x00024b20	FUN_00024b20	247	89bc84e09b1d49b8498547d46cb3f808300fef4b2f3073888afd25865b67e34e	5f11a6fefa5c94d0d7f03fc41dbc14a75b551eef6c10797e2cd9e1766a2a89e8
0x00024ec0	FUN_00024ec0	150	c113b37657995c597bbd34129fc0f9a8363dd2e9a4930a977b64c3b6f80f6992	e7e150dab004c35741d7ab6cca138cc012fdec852b3773c97d30f9059b19d133
0x00025138	FUN_00025138	98	b7cf66c73cb04820a2281076195646b226259bfd4b300bee2734a1d5dffc23f6	c6fe8833ed1c5433ddc1f524d4d0d4eeac457672191883a2b714da4358ff3d0c
0x000252d8	FUN_000252d8	7	309915bdd39834421d02ee52ef212fe6c5064e9e42d97c56fa028bc92ebea3dc	bfe2654f7d1f977bfce1c99b4a4e579a3e11ccd1afc9f1ac1e86610f89e54688
0x000252f4	FUN_000252f4	255	587d062deb1a86367f2b786fc72f06dc7fe7afb9157491aab4825d559753850e	5f55bd72c9d59d27d2e92617bc790c31a3dbef63b99a1744f7748c49bc76d1e3
0x000256cc	FUN_000256cc	51	a3b5f93cadce1d9f5ca2820102ba9e04d1f9f0088f7f37c54d7f176e3aad1fda	2a7dc04a651224485b2cfbd6c19a444762701c1b091be2deac921a33b5b5b9be
0x000257c8	FUN_000257c8	880	27dc08e1a8138c2e229db38562eff1b3cf9d9eb4456ed83412ec985bf2fbd88b	8577bf2ee39f664d8b6441bf9955f55dd569bb84c341bb18a93c2aeb9762c801
0x000264a8	FUN_000264a8	154	86f8e125168e444c840dc57cfc3183418dcba2664cca7c8c7a01ac4076fb787d	8488a717a3e90c715ba9b049b1aef1000033b9b473b0f085ec3b608274df4da6
0x000266ec	FUN_000266ec	24	216e7ad41f9baba1685a271b25bf9d44fbda7c50591b7478ea8590afaa22a032	0b8af3ce739b579e1770bf051e6bef2da7bc8e96940b5c7938caf2b830734614
0x00026760	FUN_00026760	224	fa39252285bc2a5d99f85229f9d2e4352fd6c1bd6d98a3dc124664c9cf795bc0	432216cf80e5d01b46243e72f641eaebde21e27c2523ba710efa9174494712ba
0x00026d08	FUN_00026d08	76	63c72b446bc03461d62e33496614c03f9c58f41db42247641bcbe7e69e9916f6	364ec89bc270e674db5b62e09a0bc2db068e1bfd414ee607a26c9dc82eea27f0
0x00026df0	FUN_00026df0	9	60ae00b89a57c6b585e944d65ffea710da8c022c0afd437b86d5bf3d37aefead	02e77339a219615e91b8bcf8bee867ddbd2804511c92b4947c5b470f35664220
0x00026e0c	FUN_00026e0c	12	205106a0c61c008df3e6a7f0c3c5274dfb924d3bc1eae1e2dff0642ffa8cc271	d97c0b34c0a317bcc9be73fad089d31c2c3b6f8e6122182c0c24653c9483d849
0x00026e28	FUN_00026e28	36	de5373b1f477e19962f52fd1d422e5d533e5bdad41e7b1763a9d3d73c7481dc9	ab95c89ac94f230a057825df64d3ad07abe3b19e554c88b88062938d38cfedab
0x00026e98	FUN_00026e98	12	fb1374da268da44279a892659158e2c4be762642e61ec7f2b5167bd67251140b	c01ae9ac23475634c2cacb33594165cb32fd0fc8f43805f014503de96a3bb41c
0x00026ec0	FUN_00026ec0	103	1339a44ff574c38a8cca5fef5d3da0e343b6f43344a716e67b6298579d21f47e	31777aed476a6f8e3ff544828a76c9a4fc3a7582257751511306b4f5c925984e
0x0002703c	FUN_0002703c	6	5e3a8a620cf710f4050d767b850001f3df3ddc4aa4e8ba90ccfcfd7d18471e49	bcede6a962b1ae26cf469e4a6017c3af21e66699d0f67fe184dd9bb7e6e178af
0x00027050	FUN_00027050	16	2cc55dabc291d45e5db98bba5ef024af7eec6cb4030b0d3c229b1ea35e766230	15e9b5170ae93f6d1bf1d2b08e3f6b69ac65d7883d4263064f15ecb4818eb8b7
0x0002707c	FUN_0002707c	33	a343ee26a0c4bd9a2299c7f113b64748b9fc3c445f45aef2c20792a2cafcd7fc	332bf72cadce3189059c90fcccaebcf78afd640a3779b9a7caaab0065644be4b
0x000270e0	FUN_000270e0	97	6d70a5e30c0521749be3ec8bb8188edc90b6e1a1c48b086f8f22f1f9fa70b830	68f7f014e68e1e1d1efeaec9f866159b19f1faf08573f025cef91a9afb1c6f09
0x00027230	FUN_00027230	155	293443cea71ce5b63777d774ff72e1c0ce7fe3fcdd08bcb83eb1a875b2d9a1e6	92538b676bdbc0cf52af98e952ba91bceee1e62c79e71abfe19e03f08a1026ec
0x000274e0	FUN_000274e0	31	b9efa10daa217c5f04e3f992c7b342d3f097054c30308150a161543ea91b9686	ced749daad7ccb670c82962c3a80ee073d6a444bdde3ba0990d71e5e5bbc4475
0x0002753a	FUN_0002753a	11	4fc3d7b2c1fe6f8ec6af635693589a5785994ec057655bd0428bbbd5c9ca7b12	0e60bffcd0c91e30f71b09651502202a719b66cb4aa71804a8e71ff54456a885
0x00027560	FUN_00027560	93	385c9dacff26b8c0dea481201d26638c3b5284acfb92c0a6db830ecb86b3c706	bee27f5bc7bd188f1bc5f2cbc57de9353055a5051fd6e0c99385f574d4d7c734
0x000276b4	FUN_000276b4	48	d4d94254cd28831807de9c3ac93f6307f59f3ee523ebd6bb0b5d01f87aef2b2a	ab8dbb1ff6378db144e3503aaaf2e82afeb80e164cc83f6d1393094e3d2655b9
0x0002775c	FUN_0002775c	6	9c93973e7c31024c4b4c1823cb3bb414b372e4f9de9a1b0b5d559ba1dec3a03d	59bb9e7dd27e1696a8d570c19202745e1ed85fd0c80df870590fb4bf6c5cfbe7
0x00027774	FUN_00027774	108	7f7d6e9f998dc229f855a814f2365176eff90585fad8815b1bde4715b0185cbb	a25c272e35921f18357d35eb7ea1e741831855cf266348f18acbfaffc012fc84
0x0002790c	FUN_0002790c	153	60a895f54ba8b409603a7311aa05f15f721a95f7d75bf8e43c05af70e566cf17	c1c40b7d6143fb430ae5cc5fe1f198815da5a27061b5e4a9002e166bb5b0dd6d
0x00027ae0	FUN_00027ae0	24	9773b31dd5810c40bee3307732b698bb2d1e36e65934638e30ac6b550b564e4e	fe69c5e37895b56a7478cb7ae727ad77dbd5b3ea1c496f103621d39b89226207
0x00027b44	FUN_00027b44	23	ae3e34382485bd3eae90be7fa10357834643313f79d52073e0cd7223854ef143	acfaddfa7d0c319a2314354a161f7a1b8cb7f1e81369fe6a5765bdb230b05c43
0x00027ba4	FUN_00027ba4	42	42e97cd6bf703df7dbe63c4e3fdecf92df19989dfb7ead65e2be96fb56c0f3aa	10e27fb278cdd2b5757285391c8cb33995bb0094487fcf5a66f6f9b7e2298c2c
0x00027c30	FUN_00027c30	3	edfbe3c808c590457e690770e89d6ec376d42fea55f6b8ee82aadcb7499f3c99	cd15686e15068351d69b85d8ecc9503195055cb33920673482e1ae655069a18f
0x00027c44	FUN_00027c44	32	e0f414a64abc5e860bccf144646c986b3326029b1d4b1967b24f208e7c774b6f	7aac15b7f6f67ab92522a3ffad5fa0e05801b7ccffa7561c419dc757967426b5
0x00028688	FUN_00028688	123	d8e6ecdc3f42a1518e7a8a1bb08199b64e5b4db726ede4ba5fc16a5187975bb8	c4b6e89f8227c1d5a214dcaafd1bb559f67cacd89b58eeb2b25657e324f8a4fe
0x000287be	FUN_000287be	336	4753512b02b0dfe02c192f0a307cbfe7153a2dc2584ebf7020bbcee6ae0c6a5a	29d910f5e69543fbde7d0db345f403a4fe7cb14a82bb1848bd5e0f5e49b617ff
0x00028cc8	FUN_00028cc8	77	23a565549c8c4b5c8ee46725c9856535408646f75f007a822f0a909b336557b3	d2b80e544aed68fa024ad50ecfc1600afd804f570ef3283486a084901de2e5b5
0x00029f08	FUN_00029f08	55	c97e6ae5f4f45db871f4e6a6b6da6aea8979943050892dc24b5a18c81e42c88c	9abf957e03080d92eb35ff1733a81bf0bdcab658e22e4c20b28c47f335b4342b
0x0002a2cc	FUN_0002a2cc	74	f7b3ebc8b94d2dfed31feafc33887b880eec4d6d9d219f4f2d456a47a4183531	9f3b77cf19e9324d8baf207ed54c2aa85519d7a6dca22aec8400a492b82e65bf
0x0002a454	FUN_0002a454	34	6435e9806abae4d9c13ac7a4aac754f6dbf1fd0fd6e5601fd9a34f27a057de3e	b18e5f1bd8849e570f1f13917bca800a65d15b9f59942f5e23c71058d2cdf249
0x0002a66a	FUN_0002a66a	41	0a08d1be099af8805a1ae4067d82d5ba2a577b80db2d27ef6853c6faa907537a	95fb848073d506eb76ac43f5f7b2e200bbe4cfdbf0d7e1d3a7d2fefa687e208d
0x0002a706	FUN_0002a706	42	7fbab1e04d9b2cb744285b5127855573c36d13eebdb29c77977a117d3945d25c	b7995be829bd5a4f7c243306530883a98d489392c25ebb379dfe84adbb563194
0x0002a998	FUN_0002a998	35	b5ec72f6f7ababd10392fa25c0db8bad69347f4417ee75daf69ee040fe184f99	885a5591a4a1bfc11f2ed43de81df8ff91e5f25111d2c20596ffae9707de17e8
0x0002aa16	FUN_0002aa16	10	bf732f0181c76071fe0a97498cfb8413d008df3b7d6fda9c3ddf16f8642f83b6	5ecc408aa524177eca39af2f02953aac7e7d2238ed912bcad151dd06daf0c4ff
0x0002aa36	FUN_0002aa36	15	e9e7faa0bf7151dcceb837e091c08453f7ac1906424cd079fcb399745d881e5b	16986142970a11b8064266ce18d436e4209f7dc9ec94077beae1e39c8854f2f0
0x0002aaa0	FUN_0002aaa0	24	69128d070535939de5c26077ae6855419797c22ec517f1f1e60c2f4e46a401f4	5cc5e6ba63f318e7bd191e9268169d17a689c4b5e9d8cc3ad9fa1b051f74e407
0x0002ab86	thunk_FUN_00023be8	3	606466f5bd2b476dbb1b6d626f55ec24eb204419821810835014b3abd47aafbf	233931073ec1d5054b5d3a22ff222da2ff0a15740ad4468e57b610e6844a2b10
0x0002ab90	thunk_FUN_00023fd0	3	606466f5bd2b476dbb1b6d626f55ec24eb204419821810835014b3abd47aafbf	2d1d09440d6d9067388c35f78f601341e5725dc05a0fca9aeb2f8b73bba3438a
0x1fff8000	FUN_1fff8000	123	d8e6ecdc3f42a1518e7a8a1bb08199b64e5b4db726ede4ba5fc16a5187975bb8	c4b6e89f8227c1d5a214dcaafd1bb559f67cacd89b58eeb2b25657e324f8a4fe
0x1fff8136	IRQ2_Handler	336	4753512b02b0dfe02c192f0a307cbfe7153a2dc2584ebf7020bbcee6ae0c6a5a	29d910f5e69543fbde7d0db345f403a4fe7cb14a82bb1848bd5e0f5e49b617ff
0x1fff8744	IRQ0_Handler	14	1eb9b2cc251566136d09db289d4523e466a5264a76a8f94ad08978a27b654fc5	a456cd2de8817276f37bb22c527b41fcbfccffb283ae204a3dae19357139c0b1
0x1fff8770	IRQ1_Handler	103	f07dd23b2566e9fd2ff9b1c06909ae385302627bc886b3f3d16807bfaa69d1e8	478fb63f539810babc7968691d3e1c020ebad91205467abe8bfd5f935e684312
0x1fff88b8	IRQ3_Handler	1190	46fc0f467b7e2b0a4cf32692a24ccd54f3ebeb22f82436ba16c2b35ab3af4344	0af7dd0d1263fd3f11f1244aa98a4c7ff3947821babaa5f8bf362e521b35de7d
0x1fff9880	FUN_1fff9880	55	c97e6ae5f4f45db871f4e6a6b6da6aea8979943050892dc24b5a18c81e42c88c	9abf957e03080d92eb35ff1733a81bf0bdcab658e22e4c20b28c47f335b4342b
0x1fff9954	FUN_1fff9954	77	a133624f8fd647194dd7abe21fd861a315267d2a301b209139d21df59807b685	286c62b3d33239503b0aaffdfb2fe776052eea9d823e7abdd61136396bc397ac
0x1fff9a3c	FUN_1fff9a3c	52	392ddc8583ae7987b30ac43ee101c285b2ac561f421196dff5269416bb31c11e	039e0710411636530e37bcebdfa4a7612133c164c979fa8af83e493afe1bb419
0x1fff9ad0	FUN_1fff9ad0	24	efdd6c14a72540f2eb22de03b1e2bc3474e77278b4be958584a64c398b693fcf	f2332076e7c09ef75b83e2f9e2d2768bec623be2a6fb64393f199ef1a20a643a
0x1fff9b12	FUN_1fff9b12	62	4087ab902f3265f9d994aeb0cecd6dd8b52f5bfa22dcac25ef2dc3e0a67b5af2	efc00745c6cb69e3e27d20d53cfa76b0111b4a2aee4c636c7a4a2e51ee513401
0x1fff9ba4	FUN_1fff9ba4	62	4087ab902f3265f9d994aeb0cecd6dd8b52f5bfa22dcac25ef2dc3e0a67b5af2	5d240cf45d61036fa3ad2283d6d94d12263ffbe78bf205d1ee327ac4e5cfed57
0x1fff9c44	FUN_1fff9c44	74	f7b3ebc8b94d2dfed31feafc33887b880eec4d6d9d219f4f2d456a47a4183531	9f3b77cf19e9324d8baf207ed54c2aa85519d7a6dca22aec8400a492b82e65bf
0x1fff9dcc	FUN_1fff9dcc	34	6435e9806abae4d9c13ac7a4aac754f6dbf1fd0fd6e5601fd9a34f27a057de3e	b18e5f1bd8849e570f1f13917bca800a65d15b9f59942f5e23c71058d2cdf249
0x1fff9e48	FUN_1fff9e48	26	938decd214c88853a8f07b1bac89ea3e2d2df7c606fb4552788c32b16b94ade8	2102fb8d6825810fb05a3324eabf9cd97a3d2ff05910ed7040a6e90513f943f6
0x1fff9eaa	FUN_1fff9eaa	85	e8c547965db578ca461e3f8c56f846cc5fff206084b8cbcd673d3c37e6476a5f	2a108ff9b14949f95e703ed7211525d0a04622cbf1d8e8443167d31e55016cb8
0x1fff9fe2	FUN_1fff9fe2	41	0a08d1be099af8805a1ae4067d82d5ba2a577b80db2d27ef6853c6faa907537a	95fb848073d506eb76ac43f5f7b2e200bbe4cfdbf0d7e1d3a7d2fefa687e208d
0x1fffa07e	FUN_1fffa07e	42	7fbab1e04d9b2cb744285b5127855573c36d13eebdb29c77977a117d3945d25c	b7995be829bd5a4f7c243306530883a98d489392c25ebb379dfe84adbb563194
0x1fffa164	FUN_1fffa164	54	f06ac7066090cf0085dc55d5431cfc5b79a89113dbea1687857ff40786afc92e	63e512f855f03d3d089735914604adaa371072eef77161a1e3e93ae7e8a6160e
0x1fffa238	FUN_1fffa238	51	52fb0f5ae5f0e4960289b48787cd4833c63d94b484849e1484726e8b09d2931a	43f85d1ba69bc0f9d895c3b51f014ac6fabb60eb95550eb007716321a6ee1b0d
0x1fffa310	FUN_1fffa310	35	b5ec72f6f7ababd10392fa25c0db8bad69347f4417ee75daf69ee040fe184f99	885a5591a4a1bfc11f2ed43de81df8ff91e5f25111d2c20596ffae9707de17e8
0x1fffa38e	FUN_1fffa38e	10	bf732f0181c76071fe0a97498cfb8413d008df3b7d6fda9c3ddf16f8642f83b6	5ecc408aa524177eca39af2f02953aac7e7d2238ed912bcad151dd06daf0c4ff
0x1fffa3ae	FUN_1fffa3ae	15	e9e7faa0bf7151dcceb837e091c08453f7ac1906424cd079fcb399745d881e5b	16986142970a11b8064266ce18d436e4209f7dc9ec94077beae1e39c8854f2f0
0x1fffa418	FUN_1fffa418	24	69128d070535939de5c26077ae6855419797c22ec517f1f1e60c2f4e46a401f4	5cc5e6ba63f318e7bd191e9268169d17a689c4b5e9d8cc3ad9fa1b051f74e407
0x1fffa46e	FUN_1fffa46e	12	85186c01570c664cddecd67eac082173cc1802dd533adcc15f2e0dbf20b0400f	82a889e9bbe844821ba68674818c7aeb8aab29d278dceb81f86e88a5406381b0
0x1fffa496	FUN_1fffa496	12	2a160323468cd8bbf0d865401236d20dc20f7652272ed93261704e53a8307ccf	81c1603518def8eb14780ae9567accdbed551d894c3090dff6e778ed9aa9232b
0x1fffa4e0	thunk_FUN_00025138	3	606466f5bd2b476dbb1b6d626f55ec24eb204419821810835014b3abd47aafbf	b818827f1402e8a1d06ae4eef4d9fa672743e9b2519ced2ccf313eb4eaed4a52
0x1fffa4ea	thunk_FUN_00021f28	3	606466f5bd2b476dbb1b6d626f55ec24eb204419821810835014b3abd47aafbf	61319b0b19ce50911893303e8d3f678ef43a5940f5135c22e1199106591b3255
0x1fffa4f4	thunk_FUN_00026e0c	3	606466f5bd2b476dbb1b6d626f55ec24eb204419821810835014b3abd47aafbf	50d4bd8cc574680fa62b29d3aa0373d9e3ce217c7c4ac4cd017f2b0b5b60d84f
0x1fffa4fe	thunk_FUN_00023be8	3	606466f5bd2b476dbb1b6d626f55ec24eb204419821810835014b3abd47aafbf	233931073ec1d5054b5d3a22ff222da2ff0a15740ad4468e57b610e6844a2b10
0x1fffa508	thunk_FUN_00023fd0	3	606466f5bd2b476dbb1b6d626f55ec24eb204419821810835014b3abd47aafbf	2d1d09440d6d9067388c35f78f601341e5725dc05a0fca9aeb2f8b73bba3438a
