id	risk	official_anchors	oracle_evidence	source_evidence	offline_status	target_status	communication_observable	release_blocker	notes
official_image	critical	0x00020000	dist/development/APP_DM4310(V3)_V5017_04.bin;reference/official/APP_DM4310_V3_V5017_04.decrypted.bin	tools/decrypt_factory_update.py	identity_passed	not_required	yes	no	Cipher/plain hashes, vector and AES round trip are independently pinned.
vector_and_reset	critical	0x00020388;0x00023554;0x000252f4	reference/official/APP_DM4310_V3_V5017_04.decrypted.bin;recovered/raw/app_functions.tsv	startup/startup_hc32f448.S;app/src/main.c;linker/hc32f448_app.ld;tools/verify_source_layout.py	static_matched	pending_retest	partial	yes	The final-ELF gate matches reserved/active vector roles, preserves incoming PRIMASK, runs SystemInit before the GCC equivalent of Keil __main, writes VTOR=0 in SystemInit, then installs VTOR=0x20000 as main's first hardware action. Source MSP 0x20008000 is an intentional valid linker-layout replacement for original 0x200004f8; loader handoff and interrupt inheritance still need target confirmation.
startup_call_order	critical	0x000252f4	recovered/raw/app_ghidra.c;reference/official/APP_DM4310_V3_V5017_04.decrypted.bin	app/src/main.c;app/src/platform.c;tools/verify_source_layout.py	static_matched	pending_retest	yes	yes	Hash-pinned raw disassembly now anchors the official order. Final-ELF gates require confirmation, application identity 0x07010005, early global IRQ enable, UART, ADC, self-test, CRC clock, position, calibration, config, current validation/ADC trigger, MCAN, print, voltage check, PWM and finally ADC IRQ routing in that order. Target timing remains pending.
loader_app_handshake	critical	0x00026de8	reference/official/APP_DM4310_V3_V5017_04.decrypted.bin;bootloader.bin	app/src/platform.c;board/src/board_flash_hc32f448.c	static_matched	observed_partial	yes	yes	An earlier candidate reached APP once; corrected current image still needs two-reset persistence evidence.
clock_tree	critical	0x00023208;0x00023554	recovered/raw/app_ghidra.c;reference/official/APP_DM4310_V3_V5017_04.decrypted.bin;bins/clock_peripheral_gates.bin	board/src/board_clock_config.c;board/src/board_clock_hc32f448.c;tools/verify_source_layout.py	static_matched	not_tested	partial	yes	Hash-pinned raw disassembly and the final-ELF gate now cover IRQ001/002/003 masking, FCG save/gate/restore, SCFGR, XTAL, SRAM/EFM wait states, PLLH, CKSWR, SysTick and TMRA1 in order. The source-only config rejection, HRC detour and clock-ready timeouts were removed; real 200 MHz operation remains a target gate.
status_led	major	0x000221f4;0x000252f4;0x000254a0	reference/official/APP_DM4310_V3_V5017_04.decrypted.bin;recovered/raw/app_ghidra.c;recovered/raw/app_asm.tsv	board/src/board_led_hc32f448.c;app/src/app_commands.c;tools/verify_status_indicator_trace.py;tools/verify_source_layout.py	static_matched	pending_retest	yes	yes	Old mapping was falsified on target; corrected mapping is PC13 red and PH2 green. Exact pointer/instruction checks and host tests now cover the original sustained-fault behavior: force red on and toggle green on the 251st 1 kHz control-status event. Physical color and cadence still require a target retest.
hardware_variant	major	0x000221f4	recovered/raw/app_ghidra.c;reference/official/APP_DM4310_V3_V5017_04.decrypted.bin	board/src/board_identity_config.c;board/src/board_identity_hc32f448.c;app/src/debug_console.c;tools/verify_source_layout.py;tests/test_board_identity.c;tests/test_debug_console.c	static_matched	pending_retest	yes	yes	Original and final ELF agree on PC14/PCRC14, PC15/PCRC15 pull-ups, PIDRC[15:14] decode and V2/V3/V4/V1 mapping. LED/strap initialization is now after the recovered 500 ms delay; target must still confirm the board reads variant 1 and prints --V3.0.
debug_uart	critical	0x00022244;0x00023574;0x0002359c;0x0002379c	recovered/raw/app_ghidra.c;reference/official/APP_DM4310_V3_V5017_04.decrypted.bin;bins/usart1.bin;bins/tmr0.bin;bins/aos_trigger_routing.bin;bins/interrupt_selector.bin	board/src/board_uart_config.c;board/src/board_uart_hc32f448.c;app/src/interrupts.c;tools/verify_source_layout.py;tests/test_board_config_capture.c	static_matched	pending_retest	yes	yes	Final ELF and captures now cover PA11/PA12 FSEL-only setup, USART1/TMR0/DMA1/AOS/INTC values, RTO→IRQ004→RX/TE order, blocking TX, DMA rearm, 0x001b0000 flag clear and IRQ drain/end-frame/ack order. Earlier APP TX was observed, but this new hash still needs scripted RX/timeout replay.
banner_and_text	minor	0x00026758	recovered/raw/app_strings.tsv;recovered/raw/app_ghidra.c	app/src/debug_console.c	static_matched	pending_retest	yes	yes	Required status fields and hardware suffix are semantic checks; developer branding remains intentionally editable.
mcan_transport	critical	0x00021cc8;0x00021fc4;0x1fff88b8	recovered/raw/app_ghidra.c;bins/mcan1.bin;bins/mcan_message_ram.bin	board/src/board_mcan_config.c;board/src/board_mcan_hc32f448.c;app/src/interrupts.c;tools/verify_source_layout.py;tests/test_board_mcan_config.c;tests/test_board_config_capture.c	static_matched	not_tested	yes	yes	Original disassembly, immutable captures and the final ELF now agree on PB6/PB7, PLLQ clock selection, selectors 0..11, classic/FD switch, FIFO/filter/message-RAM layout, IRQ003 routing and bit23/bus-off acknowledgement. Review corrected selector 10/11 TSEG1 from 8/6 to 7/5 and removed a source-only INIT timeout. Real bus timing, filtering and bus-off recovery remain target gates.
motor_can_protocol	critical	0x1fff88b8	recovered/raw/app_ghidra.c;reference/official/APP_DM4310_V3_V5017_04.decrypted.bin	app/src/can_protocol.c;app/src/app_commands.c;app/src/interrupts.c;common/src/motor_math.c;tools/verify_source_layout.py;tests/test_can_protocol.c;tests/qemu_original_math/harness.c	static_matched	not_tested	yes	yes	Raw RAM-handler instructions and the final ELF now agree on the 0x0ff node mask, ID[10:8] mode families, FC/FD/FE/FB, feedback-only replies, MIT/float/PVT conversion and raw temperature bytes. Extra DLC, finite-value, packed-range and PWM gates were removed; FC fault<2 and unconditional FB clearing were restored. Same-hash CAN traffic replay remains required.
parameter_protocol	major	0x1fff88b8;0x000270d8	recovered/raw/app_ghidra.c;recovered/raw/app_strings.tsv	app/src/parameter_protocol.c;app/src/interrupts.c;board/src/board_mcan_hc32f448.c;tools/verify_source_layout.py;tests/test_parameter_protocol.c;tests/test_interrupt_dispatch.c	static_matched	not_tested	yes	yes	Original switch and final ELF now agree on disabled-only legacy commands, no DLC gates, exact read/live selectors, raw temperature bytes, store timing, raw-bit/float write boundaries, controller-coefficient refresh, direct node-filter rewrite and rate-only MCAN reinit. Same-hash CAN replay and reset persistence remain target gates.
firmware_control_uart	major	0x00022244;0x00026d00;0x00026758	recovered/raw/app_ghidra.c;recovered/raw/app_strings.tsv	app/src/firmware_control.c;app/src/debug_console.c;app/src/main.c;app/src/platform.c;tools/verify_source_layout.py;tests/test_firmware_control.c;tests/test_debug_console.c	static_matched	not_tested	yes	yes	Original IRQ/parser and final ELF now agree on ESC/m/s/X state transitions, immediate one-byte X boot handoff, Ue/Uf/Ug/FCB lengths, 128-byte Ug live/store block, acknowledgements, controller refresh and reset. Real USART timeout framing, Flash persistence and reset remain same-hash target gates.
factory_configuration	critical	0x000228c0;0x00025138	reference/official/factory_config.bin;recovered/raw/app_ghidra.c	app/src/app_config.c;app/src/platform.c;app/src/motor_control.c;tools/verify_source_layout.py	differential_passed	not_tested	yes	yes	All 37 stored words and startup normalization match offline. Controller derivation retains the original startup UID/AES/OTP binding, raw coefficient divisions and low-bus commissioning-gain branch; final ELF requires authentication before controller configuration. Target OTP contents and persistence are separate gates.
flash_records	critical	0x1fff9950;0x00026de8	recovered/raw/app_ghidra.c;reference/official/APP_DM4310_V3_V5017_04.decrypted.bin	app/src/calibration_store.c;app/src/platform.c;board/src/board_flash_hc32f448.c;tools/verify_source_layout.py;tests/test_calibration_store.c	static_matched	observed_partial	yes	yes	Final ELF now pins 0x1E000/0x30000/0x36000/0x38000/0x3A000/0x3C000 and 5/37/2/4/2048/259-word prefixes. SRAM code matches the original unlock, cache, erase/program, blocking RDY/OPTEND, flag-clear and relock sequence; source-only timeout/error/readback gates and FE finite-value rewriting were removed. Physical EFM and reset-visible persistence remain target gates.
adc_sampling	critical	0x00021a00;0x00021b00;0x00024ec0	recovered/raw/app_ghidra.c;bins/adc1.bin;bins/adc2.bin;bins/adc3.bin;bins/aos_trigger_routing.bin	board/src/board_adc_config.c;board/src/board_adc_hc32f448.c;app/src/sensor_calibration.c;tests/test_board_config_capture.c;tools/verify_source_layout.py	static_matched	pending_retest	partial	yes	Final ELF matches the separate one-pass 1000-sample startup calibration, later 5 ms/100 us output-sensor calibration, exact trigger/sync activation order and blocking flag waits. Physical channel identity, gain and target IRQ timing remain target gates.
power_stage_self_test	critical	0x00022ca8;0x000256c8	recovered/raw/app_ghidra.c;reference/official/APP_DM4310_V3_V5017_04.decrypted.bin	board/src/board_power_stage_config.c;board/src/board_power_stage_hc32f448.c;app/src/platform.c;tools/verify_source_layout.py	static_matched	pending_retest	partial	yes	Final ELF matches six PCR/latch steps, ADC selection, blocking conversion, three-ADC flag clear and inclusive unsigned 1000..3000 test. The corrected candidate still needs target confirmation after the earlier six-output failure.
pwm_timer	critical	0x00022fac;0x1fff9c40	recovered/raw/app_ghidra.c;bins/tmr4_pwm.bin	board/src/board_sampling_timer_config.c;board/src/board_sampling_timer_hc32f448.c;app/src/interrupts.c;common/src/motor_math.c;tests/test_board_config_capture.c;tools/verify_source_layout.py	static_matched	not_tested	no	yes	Final ELF matches CVPR, staged OCSR, RCSR-only clear, dead time, special compare, IRQ-before-MOE and PSCR OR sequencing. The source-only GPIO/PSCR disconnect path was removed and every ADC tick now writes compare values. Phase order, polarity and physical waveforms remain unresolved; communication alone cannot prove them.
position_spi_dma	critical	0x00022c10;0x1fff8744;0x1fff8770	recovered/raw/app_ghidra.c;recovered/raw/app_asm.tsv;bins/spi3.bin;bins/dma2_0x40053400_0x80_w32.bin	board/src/board_position_config.c;board/src/board_position_hc32f448.c;app/src/position_sensor.c;tests/test_board_config_capture.c;tests/qemu_original_math/harness.c;tools/verify_control_feedback_trace.py;tools/verify_source_layout.py	differential_passed	not_tested	partial	yes	SPI/DMA/AOS/INTC/GPIO image matches immutable captures. The original relocated DMA IRQ matches source for 512 consecutive 14-bit decode/interpolation/wrap/multi-turn/gear-scaling steps. Exact pointer/instruction gates keep motor-side and gear-scaled velocity separate; real SPI timing and acknowledgement remain target gates.
output_sensor	critical	0x00022658;0x1fff987c	recovered/raw/app_ghidra.c;bins/app_runtime_config.bin	app/src/output_sensor.c;app/src/sensor_calibration.c;app/src/platform.c;tests/qemu_original_math/harness.c;tools/verify_source_layout.py	differential_passed	not_tested	partial	yes	The original relocated output helper matches source for 256 consecutive lookup/unwrap steps using the captured per-device table. Final ELF keeps analogue output angle for startup multi-turn alignment/zero/calibration while closed-loop position and velocity come from SPI; physical U/V channel identity remains unproven.
calibration_loading	critical	0x00022658	recovered/raw/app_ghidra.c;bins/app_runtime_config.bin	app/src/sensor_calibration.c;app/src/platform.c;tools/verify_source_layout.py;tests/test_sensor_calibration.c	static_matched	not_tested	yes	yes	Final ELF pins motor 0x3C000, output LUT 0x3A000, output parameters 0x38000 and zero 0x36000. Motor LUT/offset/direction sanitize NaN only and preserve infinities; output faults are 2/3, invalid U/V is status 4, and there is no captured-data product fallback. Physical sector contents remain per-device target evidence.
fault_monitor	critical	0x1fff8000;0x000254a0	recovered/raw/app_ghidra.c;recovered/raw/app_asm.tsv;reference/official/APP_DM4310_V3_V5017_04.decrypted.bin	app/src/safety.c;app/src/interrupts.c;app/src/app_commands.c;tests/qemu_original_math/harness.c;tools/verify_status_indicator_trace.py;tools/verify_source_layout.py	differential_passed	not_tested	partial	yes	The relocated original monitor directly matches source for healthy, D/communication, C/B temperature, A/current, 9/8 voltage, simultaneous replacement and unordered NaN vectors. Final ELF pins 8000/5000/20000 counts, codes 8..D, the raw signed-word 120 C MOS comparison, same-tick trip/state-change signaling, and the 251-event fault indicator. ADC cadence and physical neutral-output timing remain target gates.
foc_and_svpwm	critical	0x1fff8136;0x1fff9ea6;0x1fffa07a;0x1fff9c40	reference/official/APP_DM4310_V3_V5017_04.decrypted.bin;recovered/raw/app_ghidra.c;recovered/raw/app_asm.tsv	app/src/motor_control.c;common/src/motor_math.c;tools/verify_control_feedback_trace.py;tools/verify_source_layout.py;tests/qemu_original_math/harness.c	differential_passed	not_tested	no	yes	Original/source current-controller state matches for 1000 consecutive QEMU ticks. Source now retains raw IEEE coefficient divisions, max-first clamp behavior, non-fused VMLA order, no ADC-tick gain reconfiguration, deferred normal disable reset and same-tick fault reset; exact IRQ data-flow gates distinguish rotor and output velocity. Physical ADC/PWM traces remain pending.
motion_controllers	critical	0x1fff9dc8;0x1fff9fde	reference/official/APP_DM4310_V3_V5017_04.decrypted.bin;recovered/raw/app_ghidra.c;recovered/raw/app_asm.tsv	app/src/motor_control.c;tools/verify_control_feedback_trace.py;tools/verify_source_layout.py;tests/test_control_pipeline.c;tests/qemu_original_math/harness.c	differential_passed	not_tested	partial	yes	Original/source motion-observer state matches for 1000 consecutive QEMU ticks with non-fused operation order and the factory fixed 1000 Hz derivative. The IRQ trace proves non-MIT observer input is unscaled motor-side velocity while MIT/public feedback is gear-scaled output velocity. Mode 2/4 use the signed wire velocity bound, mode 3 uses the configured speed bound, and unknown modes request zero Q current. Complete energized traces remain pending.
lookup_tables	major	0x1fffa414	reference/official/APP_DM4310_V3_V5017_04.decrypted.bin	common/generated/motor_sine_table.c;app/generated/temperature_table.c	differential_passed	not_required	no	no	Generated tables are extracted/bit-checked; confirm all consumers use the same index and boundary semantics.
commissioning	critical	0x00024448;0x000246f8;0x000257c4;0x000264a4	recovered/raw/app_ghidra.c;recovered/notes/motor_identification.md	app/src/commissioning.c;app/src/commissioning_math.c;app/src/platform.c;tools/verify_source_layout.py;tests/test_commissioning_flow.c;tests/qemu_original_math/harness.c	differential_passed	not_tested	partial	yes	Caller-level audit pins direction LUT clear, 10k/50 us direction lock, 20k lock plus complete-turn 40-step alignment, 4 rad unwrap, filtered-ADC extrema, phase-zero offset scan and h/J/H/Z order. Motor identification pins the 6284/60k/40k/80k/20k phases, low-bus zero commissioning gains and factory positive-damping/negative-inertia sign. Identification filter, RLS and flux observer each match original machine code for 500 consecutive ticks. ADC sequencing is read -> estimator/PWM -> three-flag clear with INT002 disabled; energized target traces remain mandatory.
interrupts_and_concurrency	critical	0x000203a2;0x00022244;0x1fff8744;0x1fff8770;0x1fff8136;0x1fff88b8	recovered/raw/app_ghidra.c;recovered/raw/app_functions.tsv;recovered/raw/app_asm.tsv	app/src/interrupts.c;startup/startup_hc32f448.S;app/src/platform.c;app/src/app_commands.c;tools/verify_status_indicator_trace.py;tools/verify_source_layout.py;tests/test_interrupt_dispatch.c;tests/test_app_commands.c	static_matched	not_tested	partial	yes	All five active vector slots are final-ELF gated through semantic handlers and peripheral acknowledgements: timer trigger, DMA sample then ack, ADC empty/processed ack with PWM first, MCAN FIFO drain then ack, and UART drain/end-frame/ack. The ADC outer-loop event is deferred to main, which services motor-state changes before the 1 kHz fault indicator event as in the original. Real priority/preemption cadence and shared-state timing remain target gates.
fault_path_timeouts	major	0x00022244;0x00024ec0;0x00026d00;0x1fff88b8	recovered/raw/app_ghidra.c	board/src/board_mcan_hc32f448.c;app/src/platform.c;app/src/interrupts.c;tools/verify_source_layout.py	static_matched	not_tested	partial	yes	Clock, MCAN init, APP Flash, ADC, position SPI, power-stage and commissioning sample waits match the original blocking behavior. UART X and UgU reset after 100 us; CAN Aupgrade sends its reply and resets after 10 ms. Final-ELF gates forbid the prior source-only TX drains and 200000-iteration ADC timeout; target reset timing remains unmeasured.
package_and_uart_update	critical	0x00020000	dist/development/APP_DM4310(V3)_V5017_04.bin;bootloader.bin	tools/pack_update.py;tools/audit_uart_package.py	differential_passed	observed_partial	yes	yes	Transport worked for earlier candidates, but every new release candidate still requires loader handoff and two-reset confirmation.
