image	start	end	classification	semantic_ids	rationale
app	0x00020250	0x00020327	compiler_runtime	runtime_and_libc	Keil entry and scatter-loading support are replaced by the GCC startup and linker script.
app	0x00020328	0x00020328	analysis_artifact	runtime_and_libc	Ghidra created one overlapping umbrella function across smaller valid runtime entries; it is not an independent routine.
app	0x00020344	0x00020387	compiler_runtime	runtime_and_libc	Keil runtime entry helpers are toolchain mechanics rather than motor behavior.
app	0x00020388	0x000203a2	product_logic	app_startup	Reset and exception entry points are owned by the source vector table.
app	0x000203a4	0x0002199b	compiler_runtime	runtime_and_libc	Keil libc, printf, memory and language-runtime helpers are replaced by GCC/newlib equivalents.
app	0x0002199c	0x000219f5	veneer	math_primitives;persistent_configuration;motor_identification;output_sensor	Flash-to-RAM call veneers contain no independent behavior.
app	0x00021a00	0x000237bf	product_logic	adc_sampling;mcan_transport;debug_uart;persistent_configuration;calibration_loading;position_spi_dma;pwm_timer;power_stage_self_test;app_device_binding	Low-Flash board setup, calibration, AES binding and transport integration are represented by source-owned subsystems.
app	0x00021c1c	0x00021c1c	library_algorithm	app_device_binding	AES-256 CTR XOR helper is represented by the checked-in AES implementation.
app	0x00021c98	0x00021c98	library_algorithm	app_device_binding	AES AddRoundKey helper is represented by the checked-in AES implementation.
app	0x00021e88	0x00021e88	library_algorithm	direction_and_alignment;output_calibration;motor_identification	Table-driven CRC-32/MPEG-2 helper is represented by the source commissioning frame checksum.
app	0x00021ed0	0x00021ed0	library_algorithm	app_device_binding	AES-256 block encryption helper is represented by the checked-in AES implementation.
app	0x00022570	0x00022570	library_algorithm	app_device_binding	AES-256 key expansion is represented by the checked-in AES implementation.
app	0x00022f40	0x00022f40	library_algorithm	app_device_binding	AES MixColumns helper is represented by the checked-in AES implementation.
app	0x00023460	0x00023460	library_algorithm	app_device_binding	AES ShiftRows helper is represented by the checked-in AES implementation.
app	0x00023494	0x00023494	library_algorithm	app_device_binding	AES SubBytes helper is represented by the checked-in AES implementation.
app	0x000237c0	0x00024437	library_algorithm	math_primitives;runtime_and_libc	Keil floating-point and transcendental helpers are replaced by compiler and libm routines; no board policy lives in this range.
app	0x00024438	0x00026fff	product_logic	app_orchestration;output_sensor;firmware_control_uart;direction_and_alignment;output_calibration;motor_identification;foc_current_loop;motion_controllers;app_device_binding	Application orchestration, setup workflows, control derivation and device binding are source-owned.
app	0x00024438	0x00024438	compiler_runtime	runtime_and_libc	Single-character decimal digit predicate belongs to the C runtime.
app	0x00026e20	0x00026e20	library_algorithm	math_primitives;runtime_and_libc	Floating-point special-value wrapper belongs to the Keil math support layer.
app	0x00027034	0x00027045	library_algorithm	app_device_binding	AES GF(2^8) multiply helper is represented by the checked-in AES implementation.
app	0x00027048	0x00027c9f	compiler_runtime	math_primitives;runtime_and_libc	Keil double-precision arithmetic and conversion helpers are replaced by GCC/libm.
app	0x00028680	0x0002ab8d	relocation_copy	fault_monitor;foc_current_loop;motion_controllers;mcan_transport;position_spi_dma;persistent_configuration;output_sensor;motor_identification;math_primitives	Flash load image copied to 0x1fff8000 at startup; these bytes are not a second behavior implementation.
app	0x1fff8000	0x1fffa4db	product_logic	fault_monitor;foc_current_loop;motion_controllers;mcan_transport;motor_can_protocol;parameter_protocol;position_spi_dma;persistent_configuration;output_sensor;motor_identification;math_primitives	Time-critical RAM routines are represented by typed source and the RAM-function linker contract.
app	0x1fffa4dc	0x1fffa50d	veneer	foc_current_loop;persistent_configuration;math_primitives	Tail veneers only forward calls from relocated code to Flash helpers.
bootloader	0x00000250	0x00000277	compiler_runtime	boot_runtime_and_ddl	IAR program entry glue is replaced by the GCC startup path.
bootloader	0x00000278	0x00000292	product_logic	boot_startup	Reset and exception entry points are owned by the source vector table.
bootloader	0x0000029c	0x000006cb	compiler_runtime	boot_runtime_and_ddl	IAR data initialization, unpack and runtime helpers are toolchain mechanics.
bootloader	0x000006cc	0x000047bb	vendor_driver	boot_runtime_and_ddl;boot_update_transport	HC32 DDL peripheral services, MCAN plumbing and IRQ shells are replaced by checked-in board drivers.
bootloader	0x000047bc	0x000047f1	product_logic	swd_access	Recovered live debug-port policy is implemented by the authenticated SWD access protocol.
bootloader	0x00004814	0x00005bb7	vendor_driver	boot_runtime_and_ddl;boot_update_transport	Remaining HC32 clock, Flash, GPIO, UART and support driver routines are source-owned through the board layer.
bootloader	0x00005bb8	0x000063b7	compiler_runtime	boot_runtime_and_ddl	IAR formatted-output and runtime support are replaced by the source debug writer and GCC runtime.
bootloader	0x00005bec	0x00005bec	vendor_driver	boot_runtime_and_ddl;boot_update_transport	Address-taken USART1 error callback is represented by the board UART status handling.
bootloader	0x00005c30	0x00005c30	product_logic	boot_orchestration;boot_service_protocol;boot_update_transport;swd_access	Address-taken USART1 receive callback frames bytes and dispatches update and authenticated debug commands.
bootloader	0x000063b8	0x000071e3	product_logic	boot_orchestration;boot_service_protocol;boot_update_transport;boot_flash_writer;boot_app_validation;device_authentication;swd_access;boot_persistence	Boot policy, update state machine, authentication, persistence and handoff are source-owned.
bootloader	0x000064a8	0x000064a8	vendor_driver	boot_runtime_and_ddl;boot_update_transport	Address-taken formatted-output callback is represented by the blocking board UART transmitter.
bootloader	0x000071d0	0x000071d0	library_algorithm	device_authentication	AES GF(2^8) multiply helper is represented by the checked-in AES implementation.
bootloader	0x00012000	0x00012000	intentional_deviation	historical_provisioning_trampoline	The historical one-byte first-run trampoline is intentionally replaced by explicit authenticated records.
bootloader	0x1fff8000	0x1fff8237	product_logic	boot_flash_writer	RAM-resident erase, program and readback behavior is source-owned and partition-bounded.
bootloader	0x1fff8238	0x1fff829b	veneer	boot_flash_writer;boot_runtime_and_ddl	RAM tail veneers only forward to Flash/DDL helpers and contain no independent policy.
