id	layer	image	original_anchors	status	source_evidence	test_evidence	target_gate	notes
app_startup	startup	app	0x00020388;0x00020390;0x000203a2	host_verified	startup/startup_hc32f448.S;linker/hc32f448_app.ld	tools/verify_source_layout.py;tests/test_interrupt_dispatch.c	logic	Vector base, FPU-before-C initialization and fail-stop handlers are source-owned; VTOR still needs a target readback.
app_orchestration	application	app	0x000252f4	host_verified	app/src/main.c;app/src/app_state.c;app/src/app_commands.c;tools/verify_status_indicator_trace.py;tools/verify_source_layout.py	tests/test_control_pipeline.c;tests/test_interrupt_dispatch.c;tests/test_app_commands.c	logic	The hash-pinned original and final ELF gate the complete startup call order. Host tests cover deferred motor-state and 1 kHz status-event work, including the original 251-event fault-indicator boundary; the installed bootloader remains outside the normal APP startup path.
clock_tree	board	app	0x00023208;0x00023554	host_verified	board/src/board_clock_config.c;board/src/board_clock_hc32f448.c	tests/test_board_clock_config.c	logic	Recovered 8 MHz crystal, PLL and bus divider register image; physical clock measurement is pending.
led_gpio	board	app	0x000221f4;0x000252f4	host_verified	board/src/board_led_hc32f448.c;app/src/platform.c;app/src/app_commands.c;tools/verify_status_indicator_trace.py;tools/verify_source_layout.py	tests/test_app_commands.c;tools/verify_source_layout.py	logic	The target observation disproved the former color mapping: asking the old source for RED lit physical green. Original idle/menu stores identify PC13 set and PH2 reset; source now uses PC13 red / PH2 green and reproduces the sustained-fault POSRC/POTRH sequence on the 251st status event. Physical color and cadence still require a target retest.
adc_sampling	board	app	0x00021a00;0x00021b00;0x00024ec0	host_verified	board/src/board_adc_config.c;board/src/board_adc_hc32f448.c;app/src/sensor_calibration.c	tests/test_board_adc_config.c;tests/test_board_config_capture.c;tests/test_sensor_calibration.c	logic	ADC source register image is compared directly with the immutable capture; runtime flag order, physical gain and channel labels remain a target gate.
position_spi_dma	board	app	0x00022c10;0x1fff8744;0x1fff8770	host_verified	board/src/board_position_config.c;board/src/board_position_hc32f448.c;app/src/position_sensor.c;tools/verify_control_feedback_trace.py;tools/verify_source_layout.py	tests/test_board_position_config.c;tests/test_board_config_capture.c;tests/test_position_sensor.c;tests/qemu_original_math/harness.c	logic	SPI3/DMA2/AOS/INTC/GPIO source register image matches capture, 512 consecutive original/source position-sensor steps match, and exact IRQ pointer/instruction checks preserve motor-side versus output-side velocity; physical SPI cadence remains target work.
output_sensor	application	app	0x00022658;0x1fff987c	host_verified	app/src/output_sensor.c;app/src/sensor_calibration.c;app/src/platform.c;tools/verify_source_layout.py	tests/test_output_sensor.c;tests/test_sensor_calibration.c;tests/qemu_original_math/harness.c	logic	The relocated original helper matches source for 256 consecutive lookup/unwrap steps using a captured per-device table; startup multi-turn alignment and SPI-derived closed-loop routing are final-ELF gated, while analog U/V physical mapping needs target confirmation.
pwm_timer	board	app	0x00022fac;0x1fff9c40	host_verified	board/src/board_sampling_timer_config.c;board/src/board_sampling_timer_hc32f448.c;common/src/motor_math.c	tests/test_board_sampling_timer_config.c;tests/test_board_config_capture.c;tests/test_motor_math.c	power	The static TMR4/INTC/GPIO source register image is compared directly with capture; polarity/phase order and waveforms still require scope checks.
power_stage_self_test	safety	app	0x00022ca8;0x000256c8	host_verified	board/src/board_power_stage_config.c;board/src/board_power_stage_hc32f448.c;app/src/platform.c	tests/test_board_power_stage_config.c	power	Recovered six-latch sequence with PCR POUTE clear and the 1000..3000 ADC window; real gate response is a separate unverified target gate.
fault_monitor	safety	app	0x1fff8000;0x000252f4	host_verified	app/src/safety.c;app/src/interrupts.c;app/src/app_commands.c;tools/verify_status_indicator_trace.py;tools/verify_source_layout.py	tests/test_control_pipeline.c;tests/test_interrupt_dispatch.c;tests/test_app_commands.c;tests/qemu_original_math/harness.c	power	The original relocated monitor matches source healthy, trip-boundary, replacement-order and NaN vectors for faults 8..D; final ELF pins 8000/5000/20000 ticks, the fixed raw-word 120 C MOS check, same-tick trip/state transition and the 251-event fault indicator. Faulted or disabled ticks still write neutral compare; physical timing remains.
foc_current_loop	control	app	0x1fff8136;0x1fff9ea6;0x1fffa07a;0x1fff9c40	host_verified	app/src/motor_control.c;app/src/interrupts.c;common/src/motor_math.c;tools/verify_control_feedback_trace.py	tests/test_control_pipeline.c;tests/test_motor_math.c;tests/run_original_math_differential.sh	power	Raw coefficient division, max-first clamp semantics, Clarke/Park, non-fused observer operation order, current control, vector limit and SVPWM have host and final-ELF gates. Original/source current-controller state matches for 1000 consecutive QEMU ticks; physical ADC/PWM traces remain pending.
motion_controllers	control	app	0x1fff9dc8;0x1fff9fde	host_verified	app/src/motor_control.c;tools/verify_control_feedback_trace.py	tests/test_control_pipeline.c;tests/run_original_math_differential.sh	power	Position, speed and PVT mode selection, signed position-speed clamp, slew, fixed-1-kHz derivative and disturbance flow are source-owned. Exact IRQ checks prove the non-MIT observer uses motor-side velocity while MIT/public feedback uses gear-scaled output velocity. Original/source motion-observer state matches for 1000 consecutive QEMU ticks; complete target traces remain pending.
math_primitives	control	app	0x1fffa30c;0x1fffa38a;0x1fffa3aa;0x1fffa414;0x1fffa46a;0x1fffa492	host_verified	common/src/motor_math.c;common/generated/motor_sine_table.c	tests/test_motor_math.c;tests/test_can_protocol.c;tests/run_original_math_differential.sh	host	Sine-table interpolation, clamps, wrapping, vector limiting and packed float conversion have golden tests; clamp/wrap/packing run side by side with original machine code in QEMU.
mcan_transport	board	app	0x00021cc8;0x00021fc4;0x1fff88b8	host_verified	board/src/board_mcan_config.c;board/src/board_mcan_hc32f448.c;app/src/interrupts.c;tools/verify_source_layout.py	tests/test_board_mcan_config.c;tests/test_board_config_capture.c;tests/test_interrupt_dispatch.c	logic	Original disassembly, captures and final ELF cover PB6/PB7, selectors 0..11, filters, message RAM and IRQ/bus-off semantics; real bus loopback remains pending.
motor_can_protocol	protocol	app	0x1fff88b8	host_verified	app/src/can_protocol.c;app/src/app_commands.c	tests/test_can_protocol.c;tests/test_app_commands.c	logic	Four command modes, FC/FD/FE/FB, original no-DLC/no-finite-value-gate behavior, raw temperature bytes and feedback packing have golden vectors and final-ELF anchors.
parameter_protocol	protocol	app	0x1fff88b8;0x000270d8	host_verified	app/src/parameter_protocol.c;app/src/app_commands.c	tests/test_parameter_protocol.c;tests/test_app_commands.c	logic	0x7FF read/write/store, hidden telemetry selectors, ID/rate changes and legacy discovery are reconstructed.
debug_uart	board	app	0x0002359c;0x00022244;0x0002379c	host_verified	board/src/board_uart_config.c;board/src/board_uart_hc32f448.c;app/src/debug_console.c	tests/test_board_uart_config.c;tests/test_board_config_capture.c;tests/test_debug_console.c	logic	PA11/PA12, USART1, TMR0, AOS and INTC configuration is compared directly with capture; target DMA/timeout traffic is pending.
firmware_control_uart	protocol	app	0x00026d00;0x00026758	host_verified	app/src/firmware_control.c;app/src/debug_console.c;app/src/main.c	tests/test_firmware_control.c;tests/test_debug_console.c	logic	ESC/m/s/X and Ue/Uf/Ug/FCB length/state rules match the original parser; one-byte X performs the boot handoff in the IRQ path, while 128-byte Ug live/store work follows the original main-loop timing.
persistent_configuration	storage	app	0x000228c0;0x00025138;0x1fff9950	host_verified	app/src/app_config.c;app/src/calibration_store.c;app/src/platform.c;board/src/board_flash_hc32f448.c	tests/test_app_config.c;tests/test_calibration_store.c;tools/verify_source_layout.py	logic	All APP record addresses/lengths and the factory blocking SRAM erase/program sequence are final-ELF gated; physical EFM, reset visibility and power-cut testing remain.
calibration_loading	storage	app	0x00022658	host_verified	app/src/sensor_calibration.c;app/src/platform.c;tools/verify_source_layout.py	tests/test_sensor_calibration.c;tests/test_hardware_capture.py	logic	Final ELF pins all four per-device sector addresses, output fault 2/3, U/V status 4 and NaN-only motor-record normalization; captured records live only in test/provisioning evidence, never in the product image.
calibration_upload	protocol	app	0x00022244;0x1fff9950	host_verified	app/src/calibration_upload.c;app/src/debug_console.c;tools/provision_calibration.py	tests/test_calibration_upload.c;tests/test_provision_calibration.py	logic	Captured device calibration can be provisioned while disarmed, guarded by live device ID, then revalidated after reset.
direction_and_alignment	commissioning	app	0x000264a4;0x00024b20;0x00024448	host_verified	app/src/commissioning.c;app/src/commissioning_math.c;app/src/platform.c;tools/verify_source_layout.py	tests/test_commissioning_flow.c;tests/test_commissioning_math.c	power	Final ELF and caller-flow tests pin the initial 256-float LUT clear, direction thresholds, reply, 20k lock and forward/reverse 40-step alignment frames; safe energized completion still requires a restrained target.
output_calibration	commissioning	app	0x000246f8	host_verified	app/src/commissioning.c;app/src/sensor_calibration.c;app/src/platform.c;tools/verify_source_layout.py	tests/test_commissioning_flow.c;tests/test_sensor_calibration.c	power	The blocking full-turn filtered-ADC extrema scan, 20-sample h telemetry, live calibration, J/H/Z order and 4096-per-output-turn offset pass are source-owned and caller-tested; energized target trace remains unverified.
motor_identification	commissioning	app	0x000257c4;0x1fff9e44;0x1fffa160;0x1fffa234	host_verified	app/src/commissioning.c;app/src/commissioning_math.c;recovered/notes/motor_identification.md;tools/verify_source_layout.py	tests/test_commissioning_math.c;tests/run_original_math_differential.sh	power	Final ELF pins the 6284 lock, 60000-step RLS, two 5 ms boundaries, 40000-step flux observer, two 1 ms boundaries, 80000-step 2 Hz sine regression and 20000-step coast. Identification filter, RLS and flux state each match original machine code for 500 consecutive QEMU ticks; low-bus commissioning gains also retain the factory zero behavior. Energized caller trace remains pending.
app_device_binding	security	app	0x00021c1c;0x00022570;0x00026eb8;0x00027034	host_verified	app/src/platform.c;bootloader/src/device_auth.c;common/src/aes256_ctr.c	tests/test_device_auth.c;tests/test_update_protocol.c;tests/run_original_math_differential.sh	recovery	The APP reproduces the UID-derived AES token check against three OTP slots during ordinary startup parameter derivation and at energized commissioning entry points. Final-ELF order requires authentication before controller configuration; physical OTP contents and mismatch-loop recovery still need target validation.
runtime_and_libc	toolchain	app	0x00020250;0x00020258;0x00020368	toolchain_replaced	startup/startup_hc32f448.S;common/src/syscalls.c	tools/verify_source_layout.py	host	Keil scatterload/runtime helpers are intentionally replaced by GCC startup and linker initialization; they are not product behavior.
boot_startup	startup	bootloader	0x00000278;0x00000280;0x00000292	host_verified	startup/startup_hc32f448.S;linker/hc32f448_boot.ld	tools/verify_source_layout.py	logic	Source vector, ICG placement, FPU setup and fail-stop handlers replace the IAR runtime startup.
boot_orchestration	bootloader	bootloader	0x0000684c	source_implemented	bootloader/src/main.c;bootloader/src/platform.c	tests/test_boot_record.c;tests/test_app_image.c	recovery	Boot record, timeout, authentication, update mode, validation and handoff are source-owned; on-target recovery remains mandatory.
boot_service_protocol	protocol	bootloader	0x00006608	host_verified	bootloader/src/service_protocol.c;bootloader/src/main.c	tests/test_service_protocol.c	recovery	Legacy discovery, boot version and launch frames are reconstructed; launch additionally refuses invalid or in-progress APP state.
boot_update_transport	protocol	bootloader	0x00006608;0x00000bc0;0x00000db8	host_verified	bootloader/src/update_protocol.c;bootloader/src/main.c;tools/send_update.py	tests/test_update_protocol.c;tests/test_pack_update.py;tests/run_original_math_differential.sh	recovery	Chunk sequence, CRC retry, AES stream continuity, replies and host resend are source-owned; original loader AES-CTR output and CRC-8/MAXIM pass byte-for-byte QEMU differential, while CAN/UART target transfer remains pending.
boot_flash_writer	storage	bootloader	0x1fff8000;0x1fff809c;0x00006430	host_verified	bootloader/src/flash_writer.c;bootloader/src/platform.c;board/src/board_flash_hc32f448.c	tests/test_update_protocol.c;tools/verify_source_layout.py	recovery	8 KiB erase/program/readback primitive is linked into SRAM and bounded to the APP partition; post-link verification enforces the HC32 KEY1/KEY1 FWMC unlock sequence, while EFM fault/power-cut tests remain.
boot_app_validation	bootloader	bootloader	0x000067f4;0x00006810;0x00006834	host_verified	bootloader/src/app_image.c;bootloader/src/app_image_validation.c;common/src/boot_record.c	tests/test_app_image.c;tests/test_boot_record.c	recovery	MSP/reset/CRC/journal checks precede handoff; source policy is deliberately stricter than the original blind launch command.
device_authentication	security	bootloader	0x00006ce0;0x00006ff8;0x000067c0	host_verified	bootloader/src/device_auth.c;bootloader/src/platform.c;app/src/platform.c	tests/test_device_auth.c;tests/run_original_math_differential.sh	recovery	UID/AES token and three OTP slots are enforced by the source loader and by APP startup/commissioning parameter derivation. Target OTP contents and access behavior remain a recovery gate.
swd_access	security	bootloader	0x000047bc;0x000064c4	host_verified	bootloader/src/access_protocol.c;bootloader/src/platform.c;tools/enable_swd_uart.py	tests/test_access_protocol.c	recovery	Exact UART/CAN enable and disable payloads update the persistent word and live PSPCR; target acknowledgement is pending.
boot_persistence	storage	bootloader	0x00006410;0x00006c34;0x00006c9c	host_verified	common/src/boot_record.c;bootloader/src/platform.c;app/src/platform.c	tests/test_boot_record.c;tools/audit_uart_package.py	recovery	Request, journal, completion, APP confirmation and device ID transitions are source-owned; original fingerprints and the compiled APP writer are audited, but two-reset UART persistence still requires the device.
boot_runtime_and_ddl	toolchain	bootloader	0x00000250;0x000003cc;0x00000676	toolchain_replaced	startup/startup_hc32f448.S;board/src/board_mcan_hc32f448.c;board/src/board_uart_hc32f448.c	tools/verify_source_layout.py	host	IAR data unpack and vendor-driver mechanics are replaced by GCC startup plus checked-in DDL-backed board code.
historical_provisioning_trampoline	bootloader	bootloader	0x00012000	intentional_deviation	bootloader/src/main.c	-	recovery	The one-byte historical first-run trampoline is not reproduced; source uses explicit authenticated records and recoverable update paths.
