entry	end	body_bytes	name	sha256
0x00020250	0x00020257	0x8	entry_stub	c97bad17f9722adfef57833b395922274b245130af09e2611ec5d2bb6dee7f36
0x00020258	0x00020283	0x2c	scatter_entry	78d04cc436bd61fde76b344b904270892abedb819c87453454f61b136f421507
0x00020328	0x00020ddd	0x412	runtime_format_dispatch	b7b491b4cc1cef720d863d379f6407994021e1f12e86d7ebc94d2996ff095668
0x00020344	0x00020363	0x20	runtime_initialize	f0eba8cb7619d183416a27fb64b4af356cd8216dc11279a7ede7388507a6e06c
0x00020364	0x00020367	0x4	runtime_exit	cfa801ff1c6b29191b76930d3a5dbec4e9b83bd968e8f51f9ce372d757e6dcc2
0x00020368	0x00020387	0x20	runtime_main_entry	47a42b2287551d3df00d5138bf321b92271b42b56623c38b8439d996c4fa3aed
0x00020388	0x0002038f	0x8	Reset_Handler	63973d297f4ef2c676a50f132f20a1f3c7251ce9f45dad16cd4761a49b26c9c1
0x00020390	0x00020391	0x2	NMI_Handler	575fc8fa9e92ffe7d57a6aef6f1168f39da04f07d6bcd5b5e17883bff7b33165
0x00020392	0x00020393	0x2	HardFault_Handler	575fc8fa9e92ffe7d57a6aef6f1168f39da04f07d6bcd5b5e17883bff7b33165
0x00020394	0x00020395	0x2	MemManage_Handler	575fc8fa9e92ffe7d57a6aef6f1168f39da04f07d6bcd5b5e17883bff7b33165
0x00020396	0x00020397	0x2	BusFault_Handler	575fc8fa9e92ffe7d57a6aef6f1168f39da04f07d6bcd5b5e17883bff7b33165
0x00020398	0x00020399	0x2	UsageFault_Handler	575fc8fa9e92ffe7d57a6aef6f1168f39da04f07d6bcd5b5e17883bff7b33165
0x0002039a	0x0002039b	0x2	SVC_Handler	575fc8fa9e92ffe7d57a6aef6f1168f39da04f07d6bcd5b5e17883bff7b33165
0x0002039c	0x0002039d	0x2	DebugMon_Handler	575fc8fa9e92ffe7d57a6aef6f1168f39da04f07d6bcd5b5e17883bff7b33165
0x0002039e	0x0002039f	0x2	PendSV_Handler	575fc8fa9e92ffe7d57a6aef6f1168f39da04f07d6bcd5b5e17883bff7b33165
0x000203a0	0x000203a1	0x2	SysTick_Handler	575fc8fa9e92ffe7d57a6aef6f1168f39da04f07d6bcd5b5e17883bff7b33165
0x000203a2	0x000203a3	0x2	Default_Handler	575fc8fa9e92ffe7d57a6aef6f1168f39da04f07d6bcd5b5e17883bff7b33165
0x000203a4	0x000203ad	0xa	runtime_memory_bounds	24396e5fe700b5c98da70ac283a4199c58ba8cf9bae518d9ee5513360c4ac1e2
0x000203c8	0x00020425	0x5e	FUN_000203c8	3d32b6887d75492a7a5dc6b4b872bd1691cf320089d58b91fafd70a3afb18ce8
0x00020474	0x00020487	0x14	FUN_00020474	4ee2f9a35b526c8af9887fceadf5a71681f66c398c0c794a3d455a3376bf0958
0x0002048c	0x000204b7	0x2c	FUN_0002048c	3853955a021a13b485fc22bd1b84670e2ff95ae8ad9d74a2d4e2212c0666c93d
0x000204b8	0x000204d9	0x22	FUN_000204b8	836f1b0217fe4f25f7dc98c92a839d561b2dcb7c4143e9c0c2498ff3e89f85bb
0x000204da	0x0002052b	0x52	FUN_000204da	13865c0c2b141109064c1ef2a1266cfb3143a3fea9138ca71f9c14cdb1310791
0x000205fc	0x0002072f	0x134	FUN_000205fc	67a33568010809a7566bbae13426614fb54249b916fafc2abf11cdda557e92f0
0x00020734	0x000207bd	0x8a	FUN_00020734	3bf69351c505d645a94d7339bed06729f77b6ce2370427478525383c2b2f3e25
0x000207be	0x00020821	0x64	FUN_000207be	dcedcf9312a0399a79b51da6a240a74c79a4ccfd6f2a6c429f279769db6229ba
0x00020828	0x0002082b	0x4	FUN_00020828	06936d0536d64e86c623270163a043c1b484bbc978af8fbf56cd1650cbfb6587
0x00020838	0x00020859	0x22	FUN_00020838	30872719918b5217409cdf632ff5ca193438f9292734634d0c91fb2508ccb888
0x00020860	0x000208bd	0xac	FUN_00020860	f8ecb54844c2a59025c95c6ddf0a3aaee80f8353341e5effc9ab078e11eb944d
0x000208be	0x000208c7	0xa	FUN_000208be	11879044224551e2c94402930938a9af4abc1eeac092c0d23835f202b5f07ba6
0x000208d6	0x000208e1	0xc	FUN_000208d6	e6ca636fb871f9a7c4e70365356bfd99d0963fed93c494e8d886d871a627f1b4
0x00020996	0x00020b45	0x1b0	FUN_00020996	31340570018f979449dd826aa3bc30938d68d07152a83cd91263f8b4b24632f9
0x00020de0	0x00020dff	0x20	FUN_00020de0	19c89bfac6c65112e707de1591a485d82e3c7fbebce960a0367c4c47409d9846
0x00020e04	0x00020e07	0x4	FUN_00020e04	06936d0536d64e86c623270163a043c1b484bbc978af8fbf56cd1650cbfb6587
0x00020e0c	0x00020e0f	0x4	FUN_00020e0c	06936d0536d64e86c623270163a043c1b484bbc978af8fbf56cd1650cbfb6587
0x00020e14	0x00020e17	0x4	FUN_00020e14	06936d0536d64e86c623270163a043c1b484bbc978af8fbf56cd1650cbfb6587
0x00020e1c	0x00020e4f	0x34	FUN_00020e1c	a42f0343daebf933da0d67e59b0ebb9930c27f9610a15ded8373384bfe369c08
0x00020e50	0x00020ed9	0x8a	FUN_00020e50	f7092de4e0343f3032ce8f64ee43efecb6c7007e2ddcf193babedd279588a64b
0x00020ee6	0x00020f05	0x20	FUN_00020ee6	e12e5cc7d2ffea574952d05a877793f7a70b4a402e30be30dd459fd94f1de4df
0x00020f0c	0x00020f7b	0x70	FUN_00020f0c	3cf7f4f760a12eb7d4a431c6a2ad06242bcd9322c000e6b18f5e3a3796ff9afe
0x00020f8c	0x0002106b	0xe0	FUN_00020f8c	b41da8e2829912ad9265dc2ba26bbe9ec512141fc77e3c0a628c770805fe1cbd
0x00021070	0x00021077	0x8	FUN_00021070	9d29c0a7cb753100f86bdc47ac032e15c1d0e2ee9bee33688f1bef65be02c587
0x00021078	0x000210ed	0x18	FUN_00021078	667651ccbe3e6ad1b9e2091eb69c3be624c2e76fe0e508068ce558254e1f506b
0x00021088	0x000210d1	0x4a	FUN_00021088	f5495c927bda6edb7d39dbc9f4f669ad0312f6ae482693c087f6ac0485239cf8
0x000210d2	0x000210e3	0x12	FUN_000210d2	6b12c5c1e623d52580d6e0b25921d424d3f0f2656202b6cfcd1b7f51235a6d39
0x000210f0	0x00021105	0x16	FUN_000210f0	3b74abac3c1b0c4aa82812fa8bbc57d1dcb09d222b241d242b94dbfec4d5b145
0x00021140	0x000211bf	0x7e	FUN_00021140	5fc377afda77aa8fb817967d3c6caf7cc7b6acaf03902dc0a07b9e0fd8702c60
0x000211c0	0x000211c7	0x8	FUN_000211c0	d608e30362f02d4d8ad2fdce56afa79ec7308f2a516627527d2f383d16d163fa
0x000211cc	0x000211fd	0x32	FUN_000211cc	8a021967f3919a9dc2a2652f707b2eb6c177c33d7087f329ac808065343a54f5
0x000211fe	0x0002120b	0xe	FUN_000211fe	48a247114b551d276a238f9e38e8b81a78eaea64f5044d0f665b853d7cf00ff0
0x0002120c	0x000212ef	0xe4	FUN_0002120c	171a44609be7ebdd595d4ac2207e659e613ebeabe0f831e55e97decc72927148
0x000212f0	0x000215a7	0x2b8	FUN_000212f0	6bb006a9b1ef11b505f4b80e19f70333573e403bdfcc7ad45d92c78bea3c7ea9
0x00021628	0x00021703	0xdc	FUN_00021628	a9de7dac62d7d300365c234ec786ee8dc19e3f0c86781c5a9a0464b8ff255dda
0x00021704	0x0002172d	0x2a	FUN_00021704	5d7e85e6b1d8eb7210fd53809f143127b6cea3cffebb6583ae70f19cb96c1ace
0x0002172e	0x00021757	0x2a	FUN_0002172e	6073540f0e13a2a869cdc0ea25831065a80b6d3c1c2e6a92fe1011f6060e4969
0x00021758	0x0002199b	0x244	FUN_00021758	7b9da2c26bfbca6a5da282504d0fd6cdb534e4d5de7b749cf9a2b78c9c3c408e
0x0002199c	0x000219a5	0xa	thunk_FUN_1fffa310	9bb66b0af467f5a1cb4fba8e80490f79023020d60801843ff0b4e77643ed07a9
0x000219a6	0x000219af	0xa	thunk_FUN_1fff9954	b6be4249c4a78f57123d9ccb5411a90cc66d520761b5150630d39dcec76f2c64
0x000219b0	0x000219b9	0xa	thunk_FUN_1fff9c44	7fcb21bfeed13ace0c578096d8aae7d4fd5061df996d241576dce82cb53df4c3
0x000219ba	0x000219c3	0xa	thunk_FUN_1fffa3ae	2c691521f827351cf5ed8640a1e02b74bce4bff02b215e2780c2b299b697fdb1
0x000219c4	0x000219cd	0xa	thunk_FUN_1fff9880	6c7a9d2150b087fb7c684cee3c8dc97c3a77f432d0924da9f4b12aeb7803db11
0x000219ce	0x000219d7	0xa	thunk_FUN_1fffa164	a3038cebd414709c94e75993921968420767509406ccd4c25512bcc52ed09f27
0x000219d8	0x000219e1	0xa	thunk_FUN_1fffa38e	da188f042cfcf8ff5a08d39ca7abb0da1698bab3e5d24a3fe97c24497806297b
0x000219e2	0x000219eb	0xa	thunk_FUN_1fffa238	0c4b3315e8f75159afed95a23484296e98df2528669bd9563304c17272cdef7b
0x000219ec	0x000219f5	0xa	thunk_FUN_1fff9e48	269aa091c1ae546bdc5fa0412fe4387d9ba7281f0bb9471957694f8b8c6a8057
0x00021a00	0x00021ae1	0xe2	FUN_00021a00	f9316ee8c84e7ec7f3419dcc52ff39ca2599590bb2819cbdecc3cb68682c6b20
0x00021b00	0x00021c05	0x106	FUN_00021b00	3be71cf05fd6a78b596696dacb6c34eba732beb0a9976806892a873fde8810e8
0x00021c1c	0x00021c87	0x6c	FUN_00021c1c	ff34498faae0d516d22ae535df6139a16a1087dfe0abc89286099b0ecb1d0fee
0x00021c98	0x00021cc7	0x30	FUN_00021c98	522118075d7a1e85c295a9a08f917ce1566fe030bffef7d709dd7a60dd8a2b2b
0x00021cc8	0x00021e57	0x18c	FUN_00021cc8	76c5577927320f752b2d98def5eba36ecccfb681a2aa7ec0fb02f9ff6e35595e
0x00021e88	0x00021eab	0x24	FUN_00021e88	ccbdc75ec561a91f992abfd8296ee0c3c286526b3f20786ff1f7d4c267350986
0x00021eb0	0x00021ec5	0x16	FUN_00021eb0	dd46115e3dce9fcfc66eb06eca9eceb07e6042d6d17b3ca2089ea796beb418c8
0x00021ed0	0x00021f1f	0x50	FUN_00021ed0	0133410c22aaea50a349fd3370749403c067c5508f34c730a6d0632267fc2465
0x00021f20	0x00021f25	0x6	FUN_00021f20	5b2866c226a6e3b8de89bc7861e7b10f560dda551f541995ed2ed3294f6a72bd
0x00021f28	0x00021f5b	0x34	FUN_00021f28	d509caa7e711a2556f134a61849a9a6f8e999157324d838d2121b23104512df3
0x00021f60	0x00021fbd	0x5e	FUN_00021f60	2611e1c7e8eb5716cb2aa6d98b999846ba44094fb875d9f9bb436cd0de5dded7
0x00021fc4	0x0002386b	0x20e	FUN_00021fc4	55a4483aaed7c70fd5c8f8878d6091de42de6d7d3566c0573fe5e34ec47d73c1
0x000221f4	0x00022237	0x44	FUN_000221f4	a3d878ed9ce263c92fbd062bd08c403ce2d4c7caa3dd905533fd8acf4af52c51
0x00022244	0x00022511	0x2cc	IRQ4_Handler	57ae84c0d47f8dcf964dd4dcaf2e4249260aca4dfdfd1bcf5dba22b6ec144148
0x00022570	0x00022647	0xd8	FUN_00022570	c4974aeff70856f4754d75e5564e8b4b9ee0c57370a977f3490ab8f350b62383
0x00022658	0x0002282d	0x1d6	FUN_00022658	52bf05f2b5ed87acede951c2c75c049a99d67ae6f3bfb5e84ad2b12431b50769
0x000228c0	0x00022b81	0x2c2	FUN_000228c0	10a773b0c24a786ed082c74e54d7885dc3559594accab71ea2abca82c5e2f8b6
0x00022c10	0x00022c93	0x84	FUN_00022c10	80dff6073c467d235e22a3088e21e384bbd92b42828d7429cdb168fb87c1619e
0x00022ca8	0x00022f29	0x282	FUN_00022ca8	8fb93d4894d04112a8b6ec31afce82ea8db5fcd9e4b945a3bc1d26f0fc2c4a29
0x00022f40	0x00022fa9	0x6a	FUN_00022f40	e9a4747ddec2fdb981931d3a696e2e8581421e3f07150ead8fce58d04510758e
0x00022fac	0x000230af	0x104	FUN_00022fac	b6259d475bf1e728d6f7c8b1115979d6024f41e866f0965472437ea4e0712f5f
0x000230c4	0x0002314f	0x8c	FUN_000230c4	e53ea81d4da9e04f94bb9935ce01e24896f7110eb3bc4c1d415d10fb7470b6f7
0x00023170	0x000231dd	0x6e	FUN_00023170	65b7af399fc506cbbf92b723dbe033ba3cbe477da2ac63cfc5f7d7d95c32e69b
0x000231ec	0x00023201	0x16	FUN_000231ec	942929444aab549d09541ff67a844a57604cd686750b73024452aa419d31de63
0x00023208	0x00023431	0x22a	FUN_00023208	36aa0abab34db33d919cbee6203e792b3f5c03caa047af4610d3ccb57f369374
0x00023460	0x00023491	0x32	FUN_00023460	893d85b049a7159266a955e55c73fffc020b6454f682e5929cf3014ce1c3c671
0x00023494	0x000234b7	0x24	FUN_00023494	330a6a7691cc7ae0970f139c1eb8920440cea3fdc167f09ee469f624a51ecd1b
0x000234bc	0x00023539	0x78	FUN_000234bc	7122f9107435e4b832a89c59572a1f940500c1b81d8767389e92da392ccc0153
0x00023554	0x0002356b	0x18	FUN_00023554	5dd1fc9835047a178e25ecf3f8ce95859105949c4e2d0d80f23b263660a2d5d4
0x00023574	0x00023591	0x1e	FUN_00023574	cbfea8f3ced9ded635182ad86d956c3a9a92cbb339091f14e3a7b46882a9a419
0x0002359c	0x00023761	0x1c6	FUN_0002359c	62d0182ba492e29b522905aa88fcb12dafaf6ab9968247694014aafeda746ab6
0x0002379c	0x000237bb	0x20	FUN_0002379c	ba9be7ea4d51b525b19a33b7cee7e852b0b644f34c9bdfa3340350cc4a75472e
0x000237c0	0x000237ef	0x30	FUN_000237c0	d48a93765bb3fcb3932c117c784b16a9fa6db36174d2760f89790c6fe2edf9f0
0x000237f0	0x00023815	0x26	FUN_000237f0	03ec2f804ae6feb9b435ed147b073c77f83d0309f6a8a0737ae373f949008d1f
0x00023816	0x0002382f	0x1a	FUN_00023816	80bb4d1eb778898e7ded5175ad7f5df44002ce265fe35a77b0f7a375daacb93c
0x00023830	0x00023851	0x22	FUN_00023830	d2e439e47790c1a30bec8729d2792774c34ed8b93c42470aaf998b57a20ffd03
0x0002386c	0x0002388b	0x20	FUN_0002386c	86f1d1cb6c26935e1346e56d95654cbb7476006697800664cbdbf2a7e178309b
0x00023890	0x000242af	0x30e	FUN_00023890	e2bf065734f6edd70c472860dbce6e332f266c49389f0fa1ca002129343d07a5
0x00023be8	0x000242c3	0x258	FUN_00023be8	59a0e02a6f841e0549535fa19ef3b83ad491c75260f00d9013ab1f5a137d4387
0x00023e94	0x00027b3b	0xd0	FUN_00023e94	8c28271a0d63b5ac92c25982656de7c31831bc0742a5c63f9a2e1ee109c4d352
0x00023f56	0x00023fcf	0x7a	FUN_00023f56	76a0f4e120b7442eea96e75699726495bdef98da945e3bd4d4e9c754abe1ab30
0x00023fd0	0x00024009	0x3a	FUN_00023fd0	538937a1ee77a29403a41fe63873c8e64561bb1f9296f27ce74a473b78376936
0x0002400c	0x000242cd	0x152	FUN_0002400c	4b93c4d2a3657b5f19f0b9f77e2856421dd99aee6198036f71133f2a6bb46fb0
0x00024188	0x0002427f	0xf8	FUN_00024188	291524470ee1f25fd3b41f4a5c4a4e3142bac10abed2db1b1b828b89afd7bff9
0x000242d4	0x000242dd	0xa	FUN_000242d4	c87eb4f4eef00b6ca3d87c6854757dcced91bed6be299a88eb1273a188d6314b
0x000242e4	0x0002441f	0x13c	FUN_000242e4	ff9d15b4b7c95965c9ba424b3c52434388195042d2641a5be028c4e9e9235e4f
0x00024438	0x00024445	0xe	FUN_00024438	cede31a886c13f00e258cab9ff4597ba5470a85061ef3e7bccb8b794b52ec07b
0x00024448	0x000246af	0x268	FUN_00024448	94daff728b5935ccbd6b83e51b70287bdffab32ac33a088d3276df0a96de207e
0x000246f8	0x00024ab7	0x3c0	FUN_000246f8	5ab98b412823125f1d5aa92fc1dd5a3ea5b637b5bfd22f144db828f3ac165b87
0x00024b20	0x00024e73	0x354	FUN_00024b20	66f122387539f8a7e596924f9461ac1007675d960f9ba0c11fcac2950eec9e3c
0x00024ec0	0x000250a3	0x1e4	FUN_00024ec0	4f02298342a65f13c7f7be448d65f1866cc7356b46a78aeb4e253600c8ccfb92
0x00025134	0x000252a3	0x170	FUN_00025134	6d16b7bca311dbfc257f3ad32a1663f3f1a762873ebde6918f2338a3e74a9b2c
0x000252d4	0x000252e5	0x12	FUN_000252d4	0a2b37788957193bbaa24ca5e9bc3375fb4c2e2786bdc1161aa78d48214cd913
0x000252f0	0x000255bf	0x2d0	FUN_000252f0	a8329b171f1339ff27e5c6c5dcf9f6ce89746117ca26a84ab156eb7f0b21218e
0x000256c8	0x0002575b	0x94	FUN_000256c8	43b3ef54d517f39bdae6ff3798f27211d08799374e25b9aac9d78d6dfdbe2069
0x000257c4	0x00026481	0xc0c	FUN_000257c4	f6d7c05014b1d12aaba6cef3f29c8abfdf0767929d7abef67068b4975134ce58
0x000264a4	0x000266a7	0x204	FUN_000264a4	ae3f2d9dcc6d51a42bb1631a338f7c97a925a04c6fb10071036f322c9a3f47e6
0x000266e8	0x00026727	0x40	FUN_000266e8	21df0ee0a765e33b3e897948f955a753a96ace1e83d0302104ecf41768948cff
0x00026758	0x000269fb	0x2a4	FUN_00026758	b93d4a2977a7fa43384e9ad0fad12c5f227768c592eec9d8d66c593a918df0fe
0x00026d00	0x00026dc9	0xca	FUN_00026d00	bfcd05ce15c88e1ed8d6ec883112f39d663939663f78c8ed2ffae5247feeb12a
0x00026de8	0x00026dff	0x18	FUN_00026de8	03ad671b0c7e4f893c5d10ebabfd279725bcc82b2631d5cf027176afdc5eba0a
0x00026e04	0x00026e1b	0x22	FUN_00026e04	ce343edf39af10e041c806f000f252ecae282e82591a1552a216d13afc3a9c8b
0x00026e20	0x00026e8d	0x6e	FUN_00026e20	aaf4ef4831a9a79ba8a2decd9f1bc26d0d838d0f56b8500598a077f96758ee63
0x00026e90	0x00026eaf	0x20	FUN_00026e90	6b51aae215f690b8fd27744d3b943d4f5a34ec499bc8f670642fddf550c00ce4
0x00026eb8	0x00026fd7	0x120	FUN_00026eb8	c7c34c5f18d512dd87292dade88e016aef44c48b8951f0259d12e0bb11df05fc
0x00027034	0x00027045	0x12	FUN_00027034	6d60a54e8acadda6bb5b548da2b146c8afd36f0960325fd5f26f4a034a411d23
0x00027048	0x00027069	0x22	FUN_00027048	2ee30d951260531d8974c3ebf9f131b22cfabe3a3abb2037b93c902ce5dd4dd7
0x00027074	0x00027c3b	0x62	FUN_00027074	e619a20bfaccf1966ea63bd5b63512c9b0213abd75195c479db80dfe078ce63a
0x000270d8	0x0002721f	0x13c	FUN_000270d8	98957ed46587beeb58ae5fab11c85481122bb53a899f61262c3d29060402376f
0x00027228	0x0002744f	0x21a	FUN_00027228	faf27329fb439e9a6ba738375f9eaec1fd1a38d23583bb8ded5535389dbdb4a8
0x000274d8	0x0002752f	0x58	FUN_000274d8	1c3f7c4925d6e94ceed33f4e6cd912d521a42139fdf66cdd2b934f072c24d434
0x00027532	0x00027557	0x26	FUN_00027532	7db112acf449dba9bb801b41e42d99b861f2dc0c43d62fcf9ee5fca43ec4ed14
0x00027558	0x00027753	0x138	FUN_00027558	10b97ad5589a438570f2591fa783e13367d699ba7b77bc0a98dfede5e4d63853
0x000276ac	0x00027747	0x98	FUN_000276ac	862ea5f29b634d16dfac17d47053641efe95765579cee0e995c5d8f12f7f9bfe
0x00027754	0x00027769	0x16	FUN_00027754	dea1652938f8f08722d207f7434375025c917b6b7e37e5d2d6d060f1546540f5
0x0002776c	0x000278ff	0x162	FUN_0002776c	dbab9e32e2c8e8f060f65605dbc61c9b42670a73a9bdd9d7bb4fa493691190db
0x00027904	0x00027ad3	0x1d0	FUN_00027904	80f36806ccd31788f17c86aeb0c251d097639fde1d2de39d04005f0411ab9cb0
0x00027ad8	0x00027b1f	0x48	FUN_00027ad8	7f4a58b49293e8762d34d3c2fd6d43bec336e6cded4d4a7cb1eb110b11730072
0x00027b3c	0x00027b9b	0x4c	FUN_00027b3c	90e3a5c0a08706c40a9004c548e29e2e1a642da7e090885ee50c6bd7ea41ff4c
0x00027b9c	0x00027c27	0x88	FUN_00027b9c	e77bc30918856bc50568e1020dd135cbf3a0939c06b9fe51601e03f13481b92b
0x00027c28	0x00027c31	0xa	FUN_00027c28	e21877177b5f99c8f34d2e8a3a1be3f606049f97939d5db2db3b0f6b812b8d2a
0x00027c3c	0x00027c9f	0x64	FUN_00027c3c	160da9f620827fdb96dbbf797ff370f05fb6594910cdc7a630bb7f980645ef34
0x00028680	0x000287b5	0x136	FUN_00028680	d52e3160576b1f140617e44b7e7c6f70248b69f47e91b562c334cfa826788fb1
0x000287b6	0x00028caf	0x492	FUN_000287b6	9a98bb7630d648949a883199fecdc58f4b813d18430308e44c6af3858141a5ff
0x00028cc0	0x00028da3	0xe4	FUN_00028cc0	cf949388887a222514c85a97a7fff956976e361f6404be1171520434f0613a50
0x00029f00	0x00029fb5	0xb6	FUN_00029f00	b13b0ccc760196c1140d28c689951f92c124e75fe75a0f1ac6e2514e0f63d8b1
0x0002a2c4	0x0002a3cf	0x104	FUN_0002a2c4	9b4e2ace2cfcc72089ebed5a6960e2d17c6fb4485fd05d5553a4dfb4e2b5c197
0x0002a44c	0x0002a4c7	0x7c	FUN_0002a44c	5eedbaf86b8898d83a3daac754b632a9e7d9a7d416748b43b57e6d9efe2d1e61
0x0002a662	0x0002a6fd	0x9c	FUN_0002a662	f17cbb0cd5219dd1c162c0996607c6f22b34ff58177ef69ee06c1a9cbabad6e0
0x0002a6fe	0x0002a79b	0x9e	FUN_0002a6fe	eccbcac3188ea5f2e1da5870051b82a358cb41ae91f2741cf5d72e8a7ca0c35a
0x0002a990	0x0002aa0d	0x7e	FUN_0002a990	65dd0ac5526a40220fe0b1d80196427f9d114bd561f87129d425dab6453305cc
0x0002aa0e	0x0002aa2d	0x20	FUN_0002aa0e	9ff418dc8643ed7ec9cbecb77d275c376c0b0b8b1816c4e1490e6c32526a7ac8
0x0002aa2e	0x0002aa61	0x34	FUN_0002aa2e	c4579dfb482a34a04a8c3c48c5c753d78eb0cfb878e1bf06d751854b372f6288
0x0002aa98	0x0002aaed	0x56	FUN_0002aa98	4e4ccaceaa69a1eb60831acbbfda7188303c5521934d00b7eb92bb44abbe9f48
0x0002ab7e	0x0002ab87	0xa	thunk_FUN_00023be8	38df820b43a0c5eac022e3b927d3b79456553189c338eae838346e31268b6741
0x0002ab88	0x0002ab91	0xa	thunk_FUN_00023fd0	92904b66ec0f10b5834761cad22056e8aa7070854955750ae0c660f02df46069
0x1fff8000	0x1fff8135	0x136	FUN_1fff8000	d52e3160576b1f140617e44b7e7c6f70248b69f47e91b562c334cfa826788fb1
0x1fff8136	0x1fff862f	0x492	IRQ2_Handler	9a98bb7630d648949a883199fecdc58f4b813d18430308e44c6af3858141a5ff
0x1fff8744	0x1fff876f	0x2c	IRQ0_Handler	0a9500692e8ac38084d8be1d04faa768d5da771165f90dcf07f3fd7ce4b9f8a3
0x1fff8770	0x1fff88b7	0x148	IRQ1_Handler	3ed1aac003068fa654834d060033f8b7982c5b209a1de0f7adda5ed6e5866771
0x1fff88b8	0x1fff982d	0xe50	IRQ3_Handler	313c79ae1cee91a7e9b38e368dec3c4a4d4ed93524916d09339eee2a5d423ddd
0x1fff9880	0x1fff9935	0xb6	FUN_1fff9880	b13b0ccc760196c1140d28c689951f92c124e75fe75a0f1ac6e2514e0f63d8b1
0x1fff9954	0x1fff9a3b	0xe8	FUN_1fff9954	c3c0f976ea2fc793984c97cd6f8d3276def6bf2ccdff6df397dffeb50dc0dc8e
0x1fff9a3c	0x1fff9ac3	0x88	FUN_1fff9a3c	307ab375cd9df898ff325522f9763a5d7e12684d96ce67b8959abe0239856fc1
0x1fff9ad0	0x1fff9b11	0x42	FUN_1fff9ad0	7638fc1cfc90dd6b5a40135d44572381333bc4a2db4eb36fc55666a0fa696cc2
0x1fff9b12	0x1fff9ba3	0x92	FUN_1fff9b12	066c8d7946add2cbfc3a58757f6be6d854008670c522de8ee339b2ba935e8275
0x1fff9ba4	0x1fff9c35	0x92	FUN_1fff9ba4	7348d6233957a6bc66b919cf3d3611e357b231f1cbb84f96f6a62ca038d527d3
0x1fff9c44	0x1fff9d4f	0x104	FUN_1fff9c44	9b4e2ace2cfcc72089ebed5a6960e2d17c6fb4485fd05d5553a4dfb4e2b5c197
0x1fff9dcc	0x1fff9e47	0x7c	FUN_1fff9dcc	5eedbaf86b8898d83a3daac754b632a9e7d9a7d416748b43b57e6d9efe2d1e61
0x1fff9e48	0x1fff9ea9	0x62	FUN_1fff9e48	74211ef9dbe2fb50ff29b6ce9798dd9a94a58ec4588fc75cfa78b05fcbffc760
0x1fff9eaa	0x1fff9fe1	0x138	FUN_1fff9eaa	d17dceefd7d6052f59ca7dd93997dcd484466061881267f40d6f16eb3aa73570
0x1fff9fe2	0x1fffa07d	0x9c	FUN_1fff9fe2	f17cbb0cd5219dd1c162c0996607c6f22b34ff58177ef69ee06c1a9cbabad6e0
0x1fffa07e	0x1fffa11b	0x9e	FUN_1fffa07e	eccbcac3188ea5f2e1da5870051b82a358cb41ae91f2741cf5d72e8a7ca0c35a
0x1fffa164	0x1fffa237	0xd4	FUN_1fffa164	a7ead9c298b56691a18324f6981f4c01d6a0da760562450c2ce869601a51e732
0x1fffa238	0x1fffa301	0xca	FUN_1fffa238	eea91e02fbe78f15073ef62c4bb7d007d45e8fd02de9acf623c7167ca646e9f7
0x1fffa310	0x1fffa38d	0x7e	FUN_1fffa310	65dd0ac5526a40220fe0b1d80196427f9d114bd561f87129d425dab6453305cc
0x1fffa38e	0x1fffa3ad	0x20	FUN_1fffa38e	9ff418dc8643ed7ec9cbecb77d275c376c0b0b8b1816c4e1490e6c32526a7ac8
0x1fffa3ae	0x1fffa3e1	0x34	FUN_1fffa3ae	c4579dfb482a34a04a8c3c48c5c753d78eb0cfb878e1bf06d751854b372f6288
0x1fffa418	0x1fffa46d	0x56	FUN_1fffa418	4e4ccaceaa69a1eb60831acbbfda7188303c5521934d00b7eb92bb44abbe9f48
0x1fffa46e	0x1fffa495	0x28	FUN_1fffa46e	ae6a4c931f78b6ef0e227093f289cb450a321b3a864f6ec39213a42aec0c636d
0x1fffa496	0x1fffa4bd	0x28	FUN_1fffa496	d83b3a377e08a471119af66d5848b87e1445a209e27345b98d0fcaba65e9659d
0x1fffa4e0	0x1fffa4e9	0xa	thunk_FUN_00025134	6f38ff6f4b0ffb52a9985393e8ebcaaaaa3703d1f814c8d215e56833e042507e
0x1fffa4ea	0x1fffa4f3	0xa	thunk_FUN_00021f28	57424eb2638480e4ec53f97de406d05657440b26a175f26a65663e424f593478
0x1fffa4f4	0x1fffa4fd	0xa	thunk_FUN_00026e04	1641cf917f70b1aa659423e2d1e4de3de048307d21538968b853d75187eb40ed
0x1fffa4fe	0x1fffa507	0xa	thunk_FUN_00023be8	38df820b43a0c5eac022e3b927d3b79456553189c338eae838346e31268b6741
0x1fffa508	0x1fffa511	0xa	thunk_FUN_00023fd0	92904b66ec0f10b5834761cad22056e8aa7070854955750ae0c660f02df46069
