entry	end	body_bytes	name	thunk_target	callers	callees
0x00020250	0x00020257	0x8	entry_stub			00020258,00020368
0x00020258	0x00020283	0x2c	scatter_entry		00020250	00020368
0x00020328	0x00020ddd	0x412	runtime_format_dispatch		000205fc	0002048c,000204b8,000204da,00020996,00020e0c,00020f0c,000237c0
0x00020344	0x00020363	0x20	runtime_initialize		00020368	00020860,00020e0c,00027048,00027c28
0x00020364	0x00020367	0x4	runtime_exit		00020368	
0x00020368	0x00020387	0x20	runtime_main_entry		00020250,00020258	00020344,00020364,00021088,000210d2,000211c0,000252f0
0x00020388	0x0002038f	0x8	Reset_Handler			00023554
0x00020390	0x00020391	0x2	NMI_Handler			
0x00020392	0x00020393	0x2	HardFault_Handler			
0x00020394	0x00020395	0x2	MemManage_Handler			
0x00020396	0x00020397	0x2	BusFault_Handler			
0x00020398	0x00020399	0x2	UsageFault_Handler			
0x0002039a	0x0002039b	0x2	SVC_Handler			
0x0002039c	0x0002039d	0x2	DebugMon_Handler			
0x0002039e	0x0002039f	0x2	PendSV_Handler			
0x000203a0	0x000203a1	0x2	SysTick_Handler			
0x000203a2	0x000203a3	0x2	Default_Handler			
0x000203a4	0x000203ad	0xa	runtime_memory_bounds		00021088	
0x000203c8	0x00020425	0x5e	FUN_000203c8		00026d00	00020828,00020838
0x00020474	0x00020487	0x14	FUN_00020474		00022658,000246f8,00024ec0,000252f0,000256c8,000257c4,000266e8,00026758,00026eb8	00020de0
0x0002048c	0x000204b7	0x2c	FUN_0002048c		00020328,000204da,00020f0c	
0x000204b8	0x000204d9	0x22	FUN_000204b8		00020328,000204da,00020f0c	
0x000204da	0x0002052b	0x52	FUN_000204da		00020328	0002048c,000204b8
0x000205fc	0x0002072f	0x134	FUN_000205fc		00020ee6	00020328,00024438
0x00020734	0x000207bd	0x8a	FUN_00020734		00022244,00026d00	
0x000207be	0x00020821	0x64	FUN_000207be		00022658,000228c0,000256c8,000257c4,00026eb8	
0x00020828	0x0002082b	0x4	FUN_00020828		000203c8,00020860	
0x00020838	0x00020859	0x22	FUN_00020838		000203c8	00020e1c
0x00020860	0x000208bd	0xac	FUN_00020860		00020344	00020828,000208be,00020e1c,00021078
0x000208be	0x000208c7	0xa	FUN_000208be		00020860	
0x000208d6	0x000208e1	0xc	FUN_000208d6		00023890,00023be8,00023e94,00023f56,00023fd0,0002400c,00026e20	00020e14
0x00020996	0x00020b45	0x1b0	FUN_00020996		00020328	00020e50,00020f8c,0002120c,00021704,0002172e
0x00020de0	0x00020dff	0x20	FUN_00020de0		00020474	00020ee6,00021070
0x00020e04	0x00020e07	0x4	FUN_00020e04		00021088	
0x00020e0c	0x00020e0f	0x4	FUN_00020e0c		00020328,00020344	
0x00020e14	0x00020e17	0x4	FUN_00020e14		000208d6	
0x00020e1c	0x00020e4f	0x34	FUN_00020e1c		00020838,00020860	
0x00020e50	0x00020ed9	0x8a	FUN_00020e50		00020996	
0x00020ee6	0x00020f05	0x20	FUN_00020ee6		00020de0	000205fc
0x00020f0c	0x00020f7b	0x70	FUN_00020f0c		00020328	0002048c,000204b8
0x00020f8c	0x0002106b	0xe0	FUN_00020f8c		00020996	00021704,0002172e
0x00021070	0x00021077	0x8	FUN_00021070		00020de0	
0x00021078	0x000210ed	0x18	FUN_00021078		00020860	000210f0,000211c0
0x00021088	0x000210d1	0x4a	FUN_00021088		00020368	000203a4,00020e04
0x000210d2	0x000210e3	0x12	FUN_000210d2		00020368	
0x000210f0	0x00021105	0x16	FUN_000210f0		00021078	000211cc
0x00021140	0x000211bf	0x7e	FUN_00021140		00027048	
0x000211c0	0x000211c7	0x8	FUN_000211c0		00020368,00021078	
0x000211cc	0x000211fd	0x32	FUN_000211cc		000210f0	000211fe
0x000211fe	0x0002120b	0xe	FUN_000211fe		000211cc	
0x0002120c	0x000212ef	0xe4	FUN_0002120c		00020996	
0x000212f0	0x000215a7	0x2b8	FUN_000212f0		00021704	
0x00021628	0x00021703	0xdc	FUN_00021628		00021704,0002172e	
0x00021704	0x0002172d	0x2a	FUN_00021704		00020996,00020f8c	000212f0,00021628
0x0002172e	0x00021757	0x2a	FUN_0002172e		00020996,00020f8c	00021628,00021758
0x00021758	0x0002199b	0x244	FUN_00021758		0002172e	
0x0002199c	0x000219a5	0xa	thunk_FUN_1fffa310	1fffa310	00022658,00024448,000246f8,00024b20,000257c4,000264a4	1fffa310
0x000219a6	0x000219af	0xa	thunk_FUN_1fff9954	1fff9954	000228c0,000252f0,00026d00	1fff9954
0x000219b0	0x000219b9	0xa	thunk_FUN_1fff9c44	1fff9c44	00024448,000246f8,00024b20,000257c4,000264a4	1fff9c44
0x000219ba	0x000219c3	0xa	thunk_FUN_1fffa3ae	1fffa3ae	00024448,000246f8,00024b20,000257c4,000264a4	1fffa3ae
0x000219c4	0x000219cd	0xa	thunk_FUN_1fff9880	1fff9880	00024ec0	1fff9880
0x000219ce	0x000219d7	0xa	thunk_FUN_1fffa164	1fffa164	000257c4	1fffa164
0x000219d8	0x000219e1	0xa	thunk_FUN_1fffa38e	1fffa38e	000257c4	1fffa38e
0x000219e2	0x000219eb	0xa	thunk_FUN_1fffa238	1fffa238	000257c4	1fffa238
0x000219ec	0x000219f5	0xa	thunk_FUN_1fff9e48	1fff9e48	000257c4	1fff9e48
0x00021a00	0x00021ae1	0xe2	FUN_00021a00		000252f0	
0x00021b00	0x00021c05	0x106	FUN_00021b00		000252f0	
0x00021c1c	0x00021c87	0x6c	FUN_00021c1c		00026eb8	00021ed0
0x00021c98	0x00021cc7	0x30	FUN_00021c98		00021ed0	
0x00021cc8	0x00021e57	0x18c	FUN_00021cc8			00021f20,00023816,0002386c
0x00021e88	0x00021eab	0x24	FUN_00021e88		00024448,000246f8,00024b20	
0x00021eb0	0x00021ec5	0x16	FUN_00021eb0		000252f0	
0x00021ed0	0x00021f1f	0x50	FUN_00021ed0		00021c1c	00021c98,00022f40,00023460,00023494
0x00021f20	0x00021f25	0x6	FUN_00021f20		00021cc8,00021fc4	
0x00021f28	0x00021f5b	0x34	FUN_00021f28		00022c10,000246f8,00024ec0,000252f0,000256c8,000257c4,000266e8,00026eb8,1fffa4ea	
0x00021f60	0x00021fbd	0x5e	FUN_00021f60		00022244,00022ca8,00024448,00024b20,00024ec0,000252f0,000257c4,000264a4,00026d00	
0x00021fc4	0x0002386b	0x20e	FUN_00021fc4		1fff88b8	00021f20,00023816,0002386c
0x000221f4	0x00022237	0x44	FUN_000221f4		000252f0	
0x00022244	0x00022511	0x2cc	IRQ4_Handler			00020734,00021f60,0002379c,00026e04
0x00022570	0x00022647	0xd8	FUN_00022570		00026eb8	
0x00022658	0x0002282d	0x1d6	FUN_00022658		000252f0	00020474,000207be,0002199c,00027ad8
0x000228c0	0x00022b81	0x2c2	FUN_000228c0		000252f0	000207be,000219a6,00025134
0x00022c10	0x00022c93	0x84	FUN_00022c10		000252f0	00021f28,000230c4,00023170,000231ec
0x00022ca8	0x00022f29	0x282	FUN_00022ca8		000256c8	00021f60
0x00022f40	0x00022fa9	0x6a	FUN_00022f40		00021ed0	00027034
0x00022fac	0x000230af	0x104	FUN_00022fac		000252f0	
0x000230c4	0x0002314f	0x8c	FUN_000230c4		00022c10	
0x00023170	0x000231dd	0x6e	FUN_00023170		00022c10	
0x000231ec	0x00023201	0x16	FUN_000231ec		00022c10	
0x00023208	0x00023431	0x22a	FUN_00023208		000252f0	00023830
0x00023460	0x00023491	0x32	FUN_00023460		00021ed0	
0x00023494	0x000234b7	0x24	FUN_00023494		00021ed0	
0x000234bc	0x00023539	0x78	FUN_000234bc		00023554	
0x00023554	0x0002356b	0x18	FUN_00023554		00020388	000234bc
0x00023574	0x00023591	0x1e	FUN_00023574		0002359c	
0x0002359c	0x00023761	0x1c6	FUN_0002359c		000252f0,000256c8	00023574,00027b3c
0x0002379c	0x000237bb	0x20	FUN_0002379c		00022244,00024448,000246f8,00024b20,000257c4,000264a4,00026d00	
0x000237c0	0x000237ef	0x30	FUN_000237c0		00020328	
0x000237f0	0x00023815	0x26	FUN_000237f0		00023be8,0002400c	
0x00023816	0x0002382f	0x1a	FUN_00023816		00021cc8,00021fc4	
0x00023830	0x00023851	0x22	FUN_00023830		00023208	
0x0002386c	0x0002388b	0x20	FUN_0002386c		00021cc8,00021fc4	
0x00023890	0x000242af	0x30e	FUN_00023890		000257c4	000208d6,00024188,00026e20,000270d8,00027228,00027558,00027754,00027904
0x00023be8	0x000242c3	0x258	FUN_00023be8		00024448,0002ab7e,1fffa4fe	000208d6,000237f0,000242d4
0x00023e94	0x00027b3b	0xd0	FUN_00023e94		000264a4	000208d6,00027c3c
0x00023f56	0x00023fcf	0x7a	FUN_00023f56		000257c4	000208d6,0002776c
0x00023fd0	0x00024009	0x3a	FUN_00023fd0		000257c4,0002ab88,1fffa508	000208d6
0x0002400c	0x000242cd	0x152	FUN_0002400c		000257c4	000208d6,000237f0,000242d4,000242e4
0x00024188	0x0002427f	0xf8	FUN_00024188		00023890	000270d8,00027558
0x000242d4	0x000242dd	0xa	FUN_000242d4		00023be8,0002400c	
0x000242e4	0x0002441f	0x13c	FUN_000242e4		0002400c	
0x00024438	0x00024445	0xe	FUN_00024438		000205fc	
0x00024448	0x000246af	0x268	FUN_00024448		000246f8	0002199c,000219b0,000219ba,00021e88,00021f60,0002379c,00023be8,00027074,000270d8,00027228,000274d8,00027558,00027754,00027ad8
0x000246f8	0x00024ab7	0x3c0	FUN_000246f8		000252f0	00020474,0002199c,000219b0,000219ba,00021e88,00021f28,0002379c,00024448,00027ad8
0x00024b20	0x00024e73	0x354	FUN_00024b20		000252f0	0002199c,000219b0,000219ba,00021e88,00021f60,0002379c,00026eb8,00027074,000270d8,00027228,000274d8,00027532,00027558,00027754,00027904,00027ad8
0x00024ec0	0x000250a3	0x1e4	FUN_00024ec0		000252f0	00020474,000219c4,00021f28,00021f60,00027ad8
0x00025134	0x000252a3	0x170	FUN_00025134		000228c0,000257c4,00026d00,1fffa4e0	00026eb8
0x000252d4	0x000252e5	0x12	FUN_000252d4		00026de8,00026e04,00026e90	
0x000252f0	0x000255bf	0x2d0	FUN_000252f0		00020368	00020474,000219a6,00021a00,00021b00,00021eb0,00021f28,00021f60,000221f4,00022658,000228c0,00022c10,00022fac,00023208,0002359c,000246f8,00024b20,00024ec0,000256c8,000257c4,000264a4,00026758,00026d00,00026de8,00026e90,00027ad8
0x000256c8	0x0002575b	0x94	FUN_000256c8		000252f0	00020474,000207be,00021f28,00022ca8,0002359c
0x000257c4	0x00026481	0xc0c	FUN_000257c4		000252f0	00020474,000207be,0002199c,000219b0,000219ba,000219ce,000219d8,000219e2,000219ec,00021f28,00021f60,0002379c,00023890,00023f56,00023fd0,0002400c,00025134,00026eb8,00027074,000270d8,00027228,00027558,00027ad8
0x000264a4	0x000266a7	0x204	FUN_000264a4		000252f0	0002199c,000219b0,000219ba,00021f60,0002379c,00023e94,00026eb8
0x000266e8	0x00026727	0x40	FUN_000266e8			00020474,00021f28,00027ad8
0x00026758	0x000269fb	0x2a4	FUN_00026758		000252f0	00020474,00027ad8
0x00026d00	0x00026dc9	0xca	FUN_00026d00		000252f0	000203c8,00020734,000219a6,00021f60,0002379c,00025134
0x00026de8	0x00026dff	0x18	FUN_00026de8		000252f0	000252d4
0x00026e04	0x00026e1b	0x22	FUN_00026e04		00022244,1fffa4f4	000252d4
0x00026e20	0x00026e8d	0x6e	FUN_00026e20		00023890	000208d6,0002776c
0x00026e90	0x00026eaf	0x20	FUN_00026e90		000252f0	000252d4
0x00026eb8	0x00026fd7	0x120	FUN_00026eb8		00024b20,00025134,000257c4,000264a4	00020474,000207be,00021c1c,00021f28,00022570
0x00027034	0x00027045	0x12	FUN_00027034		00022f40	
0x00027048	0x00027069	0x22	FUN_00027048		00020344	00021140
0x00027074	0x00027c3b	0x62	FUN_00027074		00024448,00024b20,000257c4	000276ac
0x000270d8	0x0002721f	0x13c	FUN_000270d8		00023890,00024188,00024448,00024b20,000257c4	000276ac
0x00027228	0x0002744f	0x21a	FUN_00027228		00023890,00024448,00024b20,000257c4	000276ac
0x000274d8	0x0002752f	0x58	FUN_000274d8		00024448,00024b20	000276ac
0x00027532	0x00027557	0x26	FUN_00027532		00024b20	
0x00027558	0x00027753	0x138	FUN_00027558		00023890,00024188,00024448,00024b20,000257c4	000276ac
0x000276ac	0x00027747	0x98	FUN_000276ac		00027074,000270d8,00027228,000274d8,00027558,0002776c,00027904	
0x00027754	0x00027769	0x16	FUN_00027754		00023890,00024448,00024b20	
0x0002776c	0x000278ff	0x162	FUN_0002776c		00023f56,00026e20	000276ac
0x00027904	0x00027ad3	0x1d0	FUN_00027904		00023890,00024b20	000276ac
0x00027ad8	0x00027b1f	0x48	FUN_00027ad8		00022658,00024448,000246f8,00024b20,00024ec0,000252f0,000257c4,000266e8,00026758	00027b9c
0x00027b3c	0x00027b9b	0x4c	FUN_00027b3c		0002359c	
0x00027b9c	0x00027c27	0x88	FUN_00027b9c		00027ad8,00027c3c	
0x00027c28	0x00027c31	0xa	FUN_00027c28		00020344	
0x00027c3c	0x00027c9f	0x64	FUN_00027c3c		00023e94	00027b9c
0x00028680	0x000287b5	0x136	FUN_00028680		000287b6	
0x000287b6	0x00028caf	0x492	FUN_000287b6			00028680,00029f00,0002a2c4,0002a44c,0002a662,0002a6fe,0002a990,0002aa0e,0002aa2e,0002aa98
0x00028cc0	0x00028da3	0xe4	FUN_00028cc0			
0x00029f00	0x00029fb5	0xb6	FUN_00029f00		000287b6	0002ab7e
0x0002a2c4	0x0002a3cf	0x104	FUN_0002a2c4		000287b6	
0x0002a44c	0x0002a4c7	0x7c	FUN_0002a44c		000287b6	
0x0002a662	0x0002a6fd	0x9c	FUN_0002a662		000287b6	
0x0002a6fe	0x0002a79b	0x9e	FUN_0002a6fe		000287b6	
0x0002a990	0x0002aa0d	0x7e	FUN_0002a990		000287b6	
0x0002aa0e	0x0002aa2d	0x20	FUN_0002aa0e		000287b6	
0x0002aa2e	0x0002aa61	0x34	FUN_0002aa2e		000287b6	
0x0002aa98	0x0002aaed	0x56	FUN_0002aa98		000287b6	0002ab88
0x0002ab7e	0x0002ab87	0xa	thunk_FUN_00023be8	00023be8	00029f00	00023be8
0x0002ab88	0x0002ab91	0xa	thunk_FUN_00023fd0	00023fd0	0002aa98	00023fd0
0x1fff8000	0x1fff8135	0x136	FUN_1fff8000		1fff8136	
0x1fff8136	0x1fff862f	0x492	IRQ2_Handler			1fff8000,1fff9880,1fff9c44,1fff9dcc,1fff9fe2,1fffa07e,1fffa310,1fffa38e,1fffa3ae,1fffa418
0x1fff8744	0x1fff876f	0x2c	IRQ0_Handler			
0x1fff8770	0x1fff88b7	0x148	IRQ1_Handler			1fffa3ae
0x1fff88b8	0x1fff982d	0xe50	IRQ3_Handler			00021fc4,1fff9954,1fff9ba4,1fffa46e,1fffa496,1fffa4e0,1fffa4ea,1fffa4f4
0x1fff9880	0x1fff9935	0xb6	FUN_1fff9880		000219c4,1fff8136	1fffa4fe
0x1fff9954	0x1fff9a3b	0xe8	FUN_1fff9954		000219a6,1fff88b8	
0x1fff9a3c	0x1fff9ac3	0x88	FUN_1fff9a3c			
0x1fff9ad0	0x1fff9b11	0x42	FUN_1fff9ad0			
0x1fff9b12	0x1fff9ba3	0x92	FUN_1fff9b12			
0x1fff9ba4	0x1fff9c35	0x92	FUN_1fff9ba4		1fff88b8	
0x1fff9c44	0x1fff9d4f	0x104	FUN_1fff9c44		000219b0,1fff8136	
0x1fff9dcc	0x1fff9e47	0x7c	FUN_1fff9dcc		1fff8136	
0x1fff9e48	0x1fff9ea9	0x62	FUN_1fff9e48		000219ec	
0x1fff9eaa	0x1fff9fe1	0x138	FUN_1fff9eaa			
0x1fff9fe2	0x1fffa07d	0x9c	FUN_1fff9fe2		1fff8136	
0x1fffa07e	0x1fffa11b	0x9e	FUN_1fffa07e		1fff8136	
0x1fffa164	0x1fffa237	0xd4	FUN_1fffa164		000219ce	
0x1fffa238	0x1fffa301	0xca	FUN_1fffa238		000219e2	
0x1fffa310	0x1fffa38d	0x7e	FUN_1fffa310		0002199c,1fff8136	
0x1fffa38e	0x1fffa3ad	0x20	FUN_1fffa38e		000219d8,1fff8136	
0x1fffa3ae	0x1fffa3e1	0x34	FUN_1fffa3ae		000219ba,1fff8136,1fff8770	
0x1fffa418	0x1fffa46d	0x56	FUN_1fffa418		1fff8136	1fffa508
0x1fffa46e	0x1fffa495	0x28	FUN_1fffa46e		1fff88b8	
0x1fffa496	0x1fffa4bd	0x28	FUN_1fffa496		1fff88b8	
0x1fffa4e0	0x1fffa4e9	0xa	thunk_FUN_00025134	00025134	1fff88b8	00025134
0x1fffa4ea	0x1fffa4f3	0xa	thunk_FUN_00021f28	00021f28	1fff88b8	00021f28
0x1fffa4f4	0x1fffa4fd	0xa	thunk_FUN_00026e04	00026e04	1fff88b8	00026e04
0x1fffa4fe	0x1fffa507	0xa	thunk_FUN_00023be8	00023be8	1fff9880	00023be8
0x1fffa508	0x1fffa511	0xa	thunk_FUN_00023fd0	00023fd0	1fffa418	00023fd0
