left_entry	right_entry	method	left_bytes	right_bytes	instructions	left_name	right_name
0x00020250	0x00020250	exact_same_entry	0x8	0x8	2	entry_stub	entry_stub
0x00020258	0x00020258	exact_same_entry	0x2c	0x2c	15	scatter_entry	scatter_entry
0x00020328	0x00020328	exact_same_entry	0x412	0x412	425	runtime_format_dispatch	runtime_format_dispatch
0x00020344	0x00020344	exact_same_entry	0x20	0x20	11	runtime_initialize	runtime_initialize
0x00020364	0x00020364	exact_same_entry	0x4	0x4	2	runtime_exit	runtime_exit
0x00020368	0x00020368	exact_same_entry	0x20	0x20	10	runtime_main_entry	runtime_main_entry
0x00020388	0x00020388	exact_same_entry	0x8	0x8	4	Reset_Handler	Reset_Handler
0x00020390	0x00020390	exact_same_entry	0x2	0x2	1	NMI_Handler	NMI_Handler
0x00020392	0x00020392	exact_same_entry	0x2	0x2	1	HardFault_Handler	HardFault_Handler
0x00020394	0x00020394	exact_same_entry	0x2	0x2	1	MemManage_Handler	MemManage_Handler
0x00020396	0x00020396	exact_same_entry	0x2	0x2	1	BusFault_Handler	BusFault_Handler
0x00020398	0x00020398	exact_same_entry	0x2	0x2	1	UsageFault_Handler	UsageFault_Handler
0x0002039a	0x0002039a	exact_same_entry	0x2	0x2	1	SVC_Handler	SVC_Handler
0x0002039c	0x0002039c	exact_same_entry	0x2	0x2	1	DebugMon_Handler	DebugMon_Handler
0x0002039e	0x0002039e	exact_same_entry	0x2	0x2	1	PendSV_Handler	PendSV_Handler
0x000203a0	0x000203a0	exact_same_entry	0x2	0x2	1	SysTick_Handler	SysTick_Handler
0x000203a2	0x000203a2	exact_same_entry	0x2	0x2	1	Default_Handler	Default_Handler
0x000203a4	0x000203a4	exact_same_entry	0xa	0xa	5	runtime_memory_bounds	runtime_memory_bounds
0x000203c8	0x000203c8	exact_same_entry	0x5e	0x5e	42	FUN_000203c8	FUN_000203c8
0x00020474	0x00020474	exact_same_entry	0x14	0x14	8	FUN_00020474	FUN_00020474
0x0002048c	0x0002048c	exact_same_entry	0x2c	0x2c	21	FUN_0002048c	FUN_0002048c
0x000204b8	0x000204b8	exact_same_entry	0x22	0x22	16	FUN_000204b8	FUN_000204b8
0x000204da	0x000204da	exact_same_entry	0x52	0x52	37	FUN_000204da	FUN_000204da
0x000205fc	0x000205fc	exact_same_entry	0x134	0x134	124	FUN_000205fc	FUN_000205fc
0x00020734	0x00020734	exact_same_entry	0x8a	0x8a	43	FUN_00020734	FUN_00020734
0x000207be	0x000207be	exact_same_entry	0x64	0x64	33	FUN_000207be	FUN_000207be
0x00020828	0x00020828	exact_same_entry	0x4	0x4	2	FUN_00020828	FUN_00020828
0x00020838	0x00020838	exact_same_entry	0x22	0x22	15	FUN_00020838	FUN_00020838
0x00020860	0x00020860	exact_same_entry	0xac	0xac	77	FUN_00020860	FUN_00020860
0x000208be	0x000208be	exact_same_entry	0xa	0xa	4	FUN_000208be	FUN_000208be
0x000208d6	0x000208d6	exact_same_entry	0xc	0xc	5	FUN_000208d6	FUN_000208d6
0x00020996	0x00020996	exact_same_entry	0x1b0	0x1b0	173	FUN_00020996	FUN_00020996
0x00020de0	0x00020de0	exact_same_entry	0x20	0x20	13	FUN_00020de0	FUN_00020de0
0x00020e04	0x00020e04	exact_same_entry	0x4	0x4	2	FUN_00020e04	FUN_00020e04
0x00020e0c	0x00020e0c	exact_same_entry	0x4	0x4	2	FUN_00020e0c	FUN_00020e0c
0x00020e14	0x00020e14	exact_same_entry	0x4	0x4	2	FUN_00020e14	FUN_00020e14
0x00020e1c	0x00020e1c	exact_same_entry	0x34	0x34	23	FUN_00020e1c	FUN_00020e1c
0x00020e50	0x00020e50	exact_same_entry	0x8a	0x8a	40	FUN_00020e50	FUN_00020e50
0x00020ee6	0x00020ee6	exact_same_entry	0x20	0x20	13	FUN_00020ee6	FUN_00020ee6
0x00020f0c	0x00020f0c	exact_same_entry	0x70	0x70	47	FUN_00020f0c	FUN_00020f0c
0x00020f8c	0x00020f8c	exact_same_entry	0xe0	0xe0	85	FUN_00020f8c	FUN_00020f8c
0x00021070	0x00021070	exact_same_entry	0x8	0x8	3	FUN_00021070	FUN_00021070
0x00021078	0x00021078	exact_same_entry	0x18	0x18	8	FUN_00021078	FUN_00021078
0x00021088	0x00021088	exact_same_entry	0x4a	0x4a	24	FUN_00021088	FUN_00021088
0x000210d2	0x000210d2	exact_same_entry	0x12	0x12	6	FUN_000210d2	FUN_000210d2
0x000210f0	0x000210f0	exact_same_entry	0x16	0x16	10	FUN_000210f0	FUN_000210f0
0x00021140	0x00021140	exact_same_entry	0x7e	0x7e	43	FUN_00021140	FUN_00021140
0x000211c0	0x000211c0	exact_same_entry	0x8	0x8	4	FUN_000211c0	FUN_000211c0
0x000211cc	0x000211cc	exact_same_entry	0x32	0x32	21	FUN_000211cc	FUN_000211cc
0x000211fe	0x000211fe	exact_same_entry	0xe	0xe	6	FUN_000211fe	FUN_000211fe
0x0002120c	0x0002120c	exact_same_entry	0xe4	0xe4	77	FUN_0002120c	FUN_0002120c
0x000212f0	0x000212f0	exact_same_entry	0x2b8	0x2b8	192	FUN_000212f0	FUN_000212f0
0x00021628	0x00021628	exact_same_entry	0xdc	0xdc	69	FUN_00021628	FUN_00021628
0x00021704	0x00021704	exact_same_entry	0x2a	0x2a	14	FUN_00021704	FUN_00021704
0x0002172e	0x0002172e	exact_same_entry	0x2a	0x2a	14	FUN_0002172e	FUN_0002172e
0x00021758	0x00021758	exact_same_entry	0x244	0x244	160	FUN_00021758	FUN_00021758
0x0002199c	0x0002199c	exact_same_entry	0xa	0xa	3	thunk_FUN_1fffa30c	thunk_FUN_1fffa30c
0x000219a6	0x000219a6	exact_same_entry	0xa	0xa	3	thunk_FUN_1fff9950	thunk_FUN_1fff9950
0x000219b0	0x000219b0	exact_same_entry	0xa	0xa	3	thunk_FUN_1fff9c40	thunk_FUN_1fff9c40
0x000219ba	0x000219ba	exact_same_entry	0xa	0xa	3	thunk_FUN_1fffa3aa	thunk_FUN_1fffa3aa
0x000219c4	0x000219c4	exact_same_entry	0xa	0xa	3	thunk_FUN_1fff987c	thunk_FUN_1fff987c
0x000219ce	0x000219ce	exact_same_entry	0xa	0xa	3	thunk_FUN_1fffa160	thunk_FUN_1fffa160
0x000219d8	0x000219d8	exact_same_entry	0xa	0xa	3	thunk_FUN_1fffa38a	thunk_FUN_1fffa38a
0x000219e2	0x000219e2	exact_same_entry	0xa	0xa	3	thunk_FUN_1fffa234	thunk_FUN_1fffa234
0x000219ec	0x000219ec	exact_same_entry	0xa	0xa	3	thunk_FUN_1fff9e44	thunk_FUN_1fff9e44
0x00021a00	0x00021a00	exact_same_entry	0xe2	0xe2	96	FUN_00021a00	FUN_00021a00
0x00021b00	0x00021b00	exact_same_entry	0x106	0x106	87	FUN_00021b00	FUN_00021b00
0x00021c1c	0x00021c1c	exact_same_entry	0x6c	0x6c	46	FUN_00021c1c	FUN_00021c1c
0x00021c98	0x00021c98	exact_same_entry	0x30	0x30	19	FUN_00021c98	FUN_00021c98
0x00021cc8	0x00021cc8	exact_same_entry	0x18c	0x18c	150	FUN_00021cc8	FUN_00021cc8
0x00021e88	0x00021e88	exact_same_entry	0x24	0x24	14	FUN_00021e88	FUN_00021e88
0x00021eb0	0x00021eb0	exact_same_entry	0x16	0x16	10	FUN_00021eb0	FUN_00021eb0
0x00021ed0	0x00021ed0	exact_same_entry	0x50	0x50	31	FUN_00021ed0	FUN_00021ed0
0x00021f20	0x00021f20	exact_same_entry	0x6	0x6	3	FUN_00021f20	FUN_00021f20
0x00021f28	0x00021f28	exact_same_entry	0x34	0x34	18	FUN_00021f28	FUN_00021f28
0x00021f60	0x00021f60	exact_same_entry	0x5e	0x5e	31	FUN_00021f60	FUN_00021f60
0x00021fc4	0x00021fc4	exact_same_entry	0x20e	0x20e	207	FUN_00021fc4	FUN_00021fc4
0x000221f4	0x000221f4	exact_same_entry	0x44	0x44	30	FUN_000221f4	FUN_000221f4
0x00022244	0x00022244	exact_same_entry	0x2cc	0x2cc	272	IRQ4_Handler	IRQ4_Handler
0x00022570	0x00022570	exact_same_entry	0xd8	0xd8	79	FUN_00022570	FUN_00022570
0x00022658	0x00022658	exact_same_entry	0x1d6	0x1d6	153	FUN_00022658	FUN_00022658
0x000228c0	0x000228c0	exact_same_entry	0x2c2	0x2c2	211	FUN_000228c0	FUN_000228c0
0x00022c10	0x00022c10	exact_same_entry	0x84	0x84	49	FUN_00022c10	FUN_00022c10
0x00022ca8	0x00022ca8	exact_same_entry	0x282	0x282	232	FUN_00022ca8	FUN_00022ca8
0x00022f40	0x00022f40	exact_same_entry	0x6a	0x6a	44	FUN_00022f40	FUN_00022f40
0x00022fac	0x00022fac	exact_same_entry	0x102	0x102	96	FUN_00022fac	FUN_00022fac
0x000230c4	0x000230c4	exact_same_entry	0x8c	0x8c	61	FUN_000230c4	FUN_000230c4
0x00023170	0x00023170	exact_same_entry	0x6e	0x6e	48	FUN_00023170	FUN_00023170
0x000231ec	0x000231ec	exact_same_entry	0x16	0x16	11	FUN_000231ec	FUN_000231ec
0x00023208	0x00023208	exact_same_entry	0x22a	0x22a	190	FUN_00023208	FUN_00023208
0x00023460	0x00023460	exact_same_entry	0x32	0x32	25	FUN_00023460	FUN_00023460
0x00023494	0x00023494	exact_same_entry	0x24	0x24	17	FUN_00023494	FUN_00023494
0x000234bc	0x000234bc	exact_same_entry	0x78	0x78	43	FUN_000234bc	FUN_000234bc
0x00023554	0x00023554	exact_same_entry	0x18	0x18	10	FUN_00023554	FUN_00023554
0x00023574	0x00023574	exact_same_entry	0x1e	0x1e	13	FUN_00023574	FUN_00023574
0x0002359c	0x0002359c	exact_same_entry	0x1c6	0x1c6	156	FUN_0002359c	FUN_0002359c
0x0002379c	0x0002379c	exact_same_entry	0x20	0x20	15	FUN_0002379c	FUN_0002379c
0x000237c0	0x000237c0	exact_same_entry	0x30	0x30	19	FUN_000237c0	FUN_000237c0
0x000237f0	0x000237f0	exact_same_entry	0x26	0x26	15	FUN_000237f0	FUN_000237f0
0x00023816	0x00023816	exact_same_entry	0x1a	0x1a	10	FUN_00023816	FUN_00023816
0x00023830	0x00023830	exact_same_entry	0x22	0x22	12	FUN_00023830	FUN_00023830
0x0002386c	0x0002386c	exact_same_entry	0x20	0x20	11	FUN_0002386c	FUN_0002386c
0x00023890	0x00023890	exact_same_entry	0x30e	0x30e	228	FUN_00023890	FUN_00023890
0x00023be8	0x00023be8	exact_same_entry	0x258	0x258	182	FUN_00023be8	FUN_00023be8
0x00023e94	0x00023e94	exact_same_entry	0xd0	0xd0	61	FUN_00023e94	FUN_00023e94
0x00023f56	0x00023f56	exact_same_entry	0x7a	0x7a	39	FUN_00023f56	FUN_00023f56
0x00023fd0	0x00023fd0	exact_same_entry	0x3a	0x3a	18	FUN_00023fd0	FUN_00023fd0
0x0002400c	0x0002400c	exact_same_entry	0x152	0x152	102	FUN_0002400c	FUN_0002400c
0x00024188	0x00024188	exact_same_entry	0xf8	0xf8	69	FUN_00024188	FUN_00024188
0x000242d4	0x000242d4	exact_same_entry	0xa	0xa	3	FUN_000242d4	FUN_000242d4
0x000242e4	0x000242e4	exact_same_entry	0x13c	0x13c	98	FUN_000242e4	FUN_000242e4
0x00024438	0x00024438	exact_same_entry	0xe	0xe	7	FUN_00024438	FUN_00024438
0x00024448	0x00024448	exact_same_entry	0x268	0x268	170	FUN_00024448	FUN_00024448
0x000246f8	0x000246f8	exact_same_entry	0x3c0	0x3c0	288	FUN_000246f8	FUN_000246f8
0x00024b20	0x00024b20	exact_same_entry	0x354	0x354	247	FUN_00024b20	FUN_00024b20
0x00024ec0	0x00024ec0	exact_same_entry	0x1e4	0x1e4	150	FUN_00024ec0	FUN_00024ec0
0x00025138	0x00025138	exact_same_entry	0x170	0x170	98	FUN_00025138	FUN_00025138
0x000252d8	0x000252d8	exact_same_entry	0x12	0x12	7	FUN_000252d8	FUN_000252d8
0x000252f4	0x000252f4	exact_same_entry	0x2d0	0x2d0	254	FUN_000252f4	FUN_000252f4
0x000256c8	0x000256c8	exact_same_entry	0x94	0x94	51	FUN_000256c8	FUN_000256c8
0x000257c4	0x000257c4	exact_same_entry	0xc0c	0xc0c	880	FUN_000257c4	FUN_000257c4
0x000264a4	0x000264a4	exact_same_entry	0x204	0x204	154	FUN_000264a4	FUN_000264a4
0x000266e8	0x000266e8	exact_same_entry	0x40	0x40	23	FUN_000266e8	FUN_000266e8
0x00026758	0x00026758	shape_same_entry	0x2a4	0x2a4	224	FUN_00026758	FUN_00026758
0x00026d00	0x00026d00	exact_same_entry	0xca	0xca	76	FUN_00026d00	FUN_00026d00
0x00026de8	0x00026de8	exact_same_entry	0x18	0x18	9	FUN_00026de8	FUN_00026de8
0x00026e04	0x00026e04	exact_same_entry	0x22	0x22	12	FUN_00026e04	FUN_00026e04
0x00026e20	0x00026e20	exact_same_entry	0x6e	0x6e	36	FUN_00026e20	FUN_00026e20
0x00026e90	0x00026e90	exact_same_entry	0x20	0x20	12	FUN_00026e90	FUN_00026e90
0x00026eb8	0x00026eb8	exact_same_entry	0x120	0x120	103	FUN_00026eb8	FUN_00026eb8
0x00027034	0x00027034	exact_same_entry	0x12	0x12	6	FUN_00027034	FUN_00027034
0x00027048	0x00027048	exact_same_entry	0x22	0x22	16	FUN_00027048	FUN_00027048
0x00027074	0x00027074	exact_same_entry	0x62	0x62	33	FUN_00027074	FUN_00027074
0x000270d8	0x000270d8	exact_same_entry	0x13c	0x13c	97	FUN_000270d8	FUN_000270d8
0x00027228	0x00027228	exact_same_entry	0x21a	0x21a	155	FUN_00027228	FUN_00027228
0x000274d8	0x000274d8	exact_same_entry	0x58	0x58	31	FUN_000274d8	FUN_000274d8
0x00027532	0x00027532	exact_same_entry	0x26	0x26	11	FUN_00027532	FUN_00027532
0x00027558	0x00027558	exact_same_entry	0x138	0x138	93	FUN_00027558	FUN_00027558
0x000276ac	0x000276ac	exact_same_entry	0x98	0x98	48	FUN_000276ac	FUN_000276ac
0x00027754	0x00027754	exact_same_entry	0x16	0x16	6	FUN_00027754	FUN_00027754
0x0002776c	0x0002776c	exact_same_entry	0x162	0x162	108	FUN_0002776c	FUN_0002776c
0x00027904	0x00027904	exact_same_entry	0x1d0	0x1d0	153	FUN_00027904	FUN_00027904
0x00027ad8	0x00027ad8	exact_same_entry	0x48	0x48	24	FUN_00027ad8	FUN_00027ad8
0x00027b3c	0x00027b3c	exact_same_entry	0x4c	0x4c	23	FUN_00027b3c	FUN_00027b3c
0x00027b9c	0x00027b9c	exact_same_entry	0x88	0x88	42	FUN_00027b9c	FUN_00027b9c
0x00027c28	0x00027c28	exact_same_entry	0xa	0xa	3	FUN_00027c28	FUN_00027c28
0x00027c3c	0x00027c3c	exact_same_entry	0x64	0x64	32	FUN_00027c3c	FUN_00027c3c
0x00028680	0x00028680	exact_same_entry	0x136	0x136	123	FUN_00028680	FUN_00028680
0x000287b6	0x000287b6	exact_same_entry	0x492	0x492	336	FUN_000287b6	FUN_000287b6
0x00028cc0	0x00028cc0	exact_same_entry	0xe4	0xe4	77	FUN_00028cc0	FUN_00028cc0
0x00029efc	0x00029efc	exact_same_entry	0xb6	0xb6	55	FUN_00029efc	FUN_00029efc
0x0002a2c0	0x0002a2c0	exact_same_entry	0x104	0x104	74	FUN_0002a2c0	FUN_0002a2c0
0x0002a448	0x0002a448	exact_same_entry	0x7c	0x7c	34	FUN_0002a448	FUN_0002a448
0x0002a65e	0x0002a65e	exact_same_entry	0x9c	0x9c	41	FUN_0002a65e	FUN_0002a65e
0x0002a6fa	0x0002a6fa	exact_same_entry	0x9e	0x9e	42	FUN_0002a6fa	FUN_0002a6fa
0x0002a98c	0x0002a98c	exact_same_entry	0x7e	0x7e	35	FUN_0002a98c	FUN_0002a98c
0x0002aa0a	0x0002aa0a	exact_same_entry	0x20	0x20	10	FUN_0002aa0a	FUN_0002aa0a
0x0002aa2a	0x0002aa2a	exact_same_entry	0x34	0x34	15	FUN_0002aa2a	FUN_0002aa2a
0x0002aa94	0x0002aa94	exact_same_entry	0x56	0x56	24	FUN_0002aa94	FUN_0002aa94
0x0002ab7a	0x0002ab7a	exact_same_entry	0xa	0xa	3	thunk_FUN_00023be8	thunk_FUN_00023be8
0x0002ab84	0x0002ab84	exact_same_entry	0xa	0xa	3	thunk_FUN_00023fd0	thunk_FUN_00023fd0
0x1fff8000	0x1fff8000	exact_same_entry	0x136	0x136	123	FUN_1fff8000	FUN_1fff8000
0x1fff8136	0x1fff8136	exact_same_entry	0x492	0x492	336	IRQ2_Handler	IRQ2_Handler
0x1fff8744	0x1fff8744	exact_same_entry	0x2c	0x2c	14	IRQ0_Handler	IRQ0_Handler
0x1fff8770	0x1fff8770	exact_same_entry	0x148	0x148	103	IRQ1_Handler	IRQ1_Handler
0x1fff88b8	0x1fff88b8	exact_same_entry	0xe50	0xe50	1189	IRQ3_Handler	IRQ3_Handler
0x1fff987c	0x1fff987c	exact_same_entry	0xb6	0xb6	55	FUN_1fff987c	FUN_1fff987c
0x1fff9950	0x1fff9950	exact_same_entry	0xe8	0xe8	77	FUN_1fff9950	FUN_1fff9950
0x1fff9a38	0x1fff9a38	exact_same_entry	0x88	0x88	52	FUN_1fff9a38	FUN_1fff9a38
0x1fff9acc	0x1fff9acc	exact_same_entry	0x42	0x42	24	FUN_1fff9acc	FUN_1fff9acc
0x1fff9b0e	0x1fff9b0e	exact_same_entry	0x92	0x92	62	FUN_1fff9b0e	FUN_1fff9b0e
0x1fff9ba0	0x1fff9ba0	exact_same_entry	0x92	0x92	62	FUN_1fff9ba0	FUN_1fff9ba0
0x1fff9c40	0x1fff9c40	exact_same_entry	0x104	0x104	74	FUN_1fff9c40	FUN_1fff9c40
0x1fff9dc8	0x1fff9dc8	exact_same_entry	0x7c	0x7c	34	FUN_1fff9dc8	FUN_1fff9dc8
0x1fff9e44	0x1fff9e44	exact_same_entry	0x62	0x62	26	FUN_1fff9e44	FUN_1fff9e44
0x1fff9ea6	0x1fff9ea6	exact_same_entry	0x138	0x138	85	FUN_1fff9ea6	FUN_1fff9ea6
0x1fff9fde	0x1fff9fde	exact_same_entry	0x9c	0x9c	41	FUN_1fff9fde	FUN_1fff9fde
0x1fffa07a	0x1fffa07a	exact_same_entry	0x9e	0x9e	42	FUN_1fffa07a	FUN_1fffa07a
0x1fffa160	0x1fffa160	exact_same_entry	0xd4	0xd4	54	FUN_1fffa160	FUN_1fffa160
0x1fffa234	0x1fffa234	exact_same_entry	0xca	0xca	51	FUN_1fffa234	FUN_1fffa234
0x1fffa30c	0x1fffa30c	exact_same_entry	0x7e	0x7e	35	FUN_1fffa30c	FUN_1fffa30c
0x1fffa38a	0x1fffa38a	exact_same_entry	0x20	0x20	10	FUN_1fffa38a	FUN_1fffa38a
0x1fffa3aa	0x1fffa3aa	exact_same_entry	0x34	0x34	15	FUN_1fffa3aa	FUN_1fffa3aa
0x1fffa414	0x1fffa414	exact_same_entry	0x56	0x56	24	FUN_1fffa414	FUN_1fffa414
0x1fffa46a	0x1fffa46a	exact_same_entry	0x28	0x28	12	FUN_1fffa46a	FUN_1fffa46a
0x1fffa492	0x1fffa492	exact_same_entry	0x28	0x28	12	FUN_1fffa492	FUN_1fffa492
0x1fffa4dc	0x1fffa4dc	exact_same_entry	0xa	0xa	3	thunk_FUN_00025138	thunk_FUN_00025138
0x1fffa4e6	0x1fffa4e6	exact_same_entry	0xa	0xa	3	thunk_FUN_00021f28	thunk_FUN_00021f28
0x1fffa4f0	0x1fffa4f0	exact_same_entry	0xa	0xa	3	thunk_FUN_00026e04	thunk_FUN_00026e04
0x1fffa4fa	0x1fffa4fa	exact_same_entry	0xa	0xa	3	thunk_FUN_00023be8	thunk_FUN_00023be8
0x1fffa504	0x1fffa504	exact_same_entry	0xa	0xa	3	thunk_FUN_00023fd0	thunk_FUN_00023fd0
