caller_address	caller	callee_address	callee
00020250	__main	00020258	__scatterload
00020250	__main	00020368	__rt_entry
00020258	__scatterload	00020368	__rt_entry
00020328	FUN_00020328	000237c0	FUN_000237c0
00020328	FUN_00020328	00020996	FUN_00020996
00020328	FUN_00020328	0002048c	FUN_0002048c
00020328	FUN_00020328	00020f0c	FUN_00020f0c
00020328	FUN_00020328	000204b8	FUN_000204b8
00020328	FUN_00020328	000204da	FUN_000204da
00020328	FUN_00020328	00020e0c	FUN_00020e0c
00020344	FUN_00020344	00020860	FUN_00020860
00020344	FUN_00020344	00027c28	FUN_00027c28
00020344	FUN_00020344	00020e0c	FUN_00020e0c
00020344	FUN_00020344	00027048	FUN_00027048
00020368	__rt_entry	000252f4	main
00020368	__rt_entry	00021088	FUN_00021088
00020368	__rt_entry	000211c0	FUN_000211c0
00020368	__rt_entry	00020344	FUN_00020344
00020368	__rt_entry	000210d2	FUN_000210d2
00020368	__rt_entry	00020364	FUN_00020364
00020388	Reset_Handler	00023554	SystemInit
00020388	Reset_Handler	00020250	__main
000203c8	FUN_000203c8	00020828	FUN_00020828
000203c8	FUN_000203c8	00020838	FUN_00020838
00020474	debug_printf	00020de0	FUN_00020de0
000204da	FUN_000204da	0002048c	FUN_0002048c
000204da	FUN_000204da	000204b8	FUN_000204b8
000205fc	FUN_000205fc	00024438	FUN_00024438
000205fc	FUN_000205fc	00020328	FUN_00020328
00020838	FUN_00020838	00020e1c	FUN_00020e1c
00020860	FUN_00020860	000208be	FUN_000208be
00020860	FUN_00020860	00021078	FUN_00021078
00020860	FUN_00020860	00020e1c	FUN_00020e1c
00020860	FUN_00020860	00020828	FUN_00020828
000208d6	FUN_000208d6	00020e14	FUN_00020e14
00020996	FUN_00020996	00020f8c	FUN_00020f8c
00020996	FUN_00020996	0002172e	FUN_0002172e
00020996	FUN_00020996	0002120c	FUN_0002120c
00020996	FUN_00020996	00021704	FUN_00021704
00020996	FUN_00020996	00020e50	FUN_00020e50
00020de0	FUN_00020de0	00021070	FUN_00021070
00020de0	FUN_00020de0	00020ee6	FUN_00020ee6
00020e1c	FUN_00020e1c	00020828	FUN_00020828
00020ee6	FUN_00020ee6	000205fc	FUN_000205fc
00020f0c	FUN_00020f0c	0002048c	FUN_0002048c
00020f0c	FUN_00020f0c	000204b8	FUN_000204b8
00020f8c	FUN_00020f8c	0002172e	FUN_0002172e
00020f8c	FUN_00020f8c	00021704	FUN_00021704
00021078	FUN_00021078	000210f0	FUN_000210f0
00021078	FUN_00021078	000211c0	FUN_000211c0
00021088	FUN_00021088	000203a4	FUN_000203a4
00021088	FUN_00021088	00020e04	FUN_00020e04
000210f0	FUN_000210f0	000211cc	FUN_000211cc
000211cc	FUN_000211cc	000211fe	FUN_000211fe
00021704	FUN_00021704	000212f0	FUN_000212f0
00021704	FUN_00021704	00021628	FUN_00021628
0002172e	FUN_0002172e	00021758	FUN_00021758
0002172e	FUN_0002172e	00021628	FUN_00021628
0002199c	thunk_EXT_FUN_1fffa30c	1fffa30c	fast_sincos_lut
000219a6	thunk_EXT_FUN_1fff9950	1fff9950	flash_program_words
000219b0	thunk_EXT_FUN_1fff9c40	1fff9c40	svpwm_write_compare
000219ba	thunk_EXT_FUN_1fffa3aa	1fffa3aa	wrap_periodic_value
000219c4	thunk_EXT_FUN_1fff987c	1fff987c	output_sensor_lookup_and_unwrap
000219ce	thunk_EXT_FUN_1fffa160	1fffa160	identification_rls2_step
000219d8	thunk_EXT_FUN_1fffa38a	1fffa38a	clampf
000219e2	thunk_EXT_FUN_1fffa234	1fffa234	identification_flux_observer_step
000219ec	thunk_EXT_FUN_1fff9e44	1fff9e44	identification_filter_step
00021c1c	FUN_00021c1c	00021ed0	FUN_00021ed0
00021cc8	mcan1_configure_classic	00021f20	short_busy_wait
00021cc8	mcan1_configure_classic	00023816	FUN_00023816
00021cc8	mcan1_configure_classic	0002386c	FUN_0002386c
00021ed0	FUN_00021ed0	00023494	FUN_00023494
00021ed0	FUN_00021ed0	00022f40	FUN_00022f40
00021ed0	FUN_00021ed0	00021c98	FUN_00021c98
00021ed0	FUN_00021ed0	00023460	FUN_00023460
00021fc4	mcan1_configure_fd	00021f20	short_busy_wait
00021fc4	mcan1_configure_fd	00023816	FUN_00023816
00021fc4	mcan1_configure_fd	0002386c	FUN_0002386c
00022244	debug_uart_receive_irq	00026e04	select_configuration_bank_b
00022244	debug_uart_receive_irq	0002379c	debug_uart_write
00022244	debug_uart_receive_irq	00020734	runtime_memcpy
00022244	debug_uart_receive_irq	00021f60	delay_us
00022658	load_and_validate_calibration	0002199c	thunk_EXT_FUN_1fffa30c
00022658	load_and_validate_calibration	00027ad8	FUN_00027ad8
00022658	load_and_validate_calibration	000207be	runtime_memcpy_aligned
00022658	load_and_validate_calibration	00020474	debug_printf
000228c0	load_motor_configuration	000219a6	thunk_EXT_FUN_1fff9950
000228c0	load_motor_configuration	000207be	runtime_memcpy_aligned
000228c0	load_motor_configuration	00025138	derive_control_parameters
00022c10	position_sensor_configure	000231ec	position_sensor_spi_transfer16
00022c10	position_sensor_configure	00021f28	delay_ms
00022c10	position_sensor_configure	00023170	position_sensor_spi_gpio_configure
00022c10	position_sensor_configure	000230c4	position_sensor_dma_configure
00022ca8	power_stage_switch_response_test	00021f60	delay_us
00022f40	FUN_00022f40	00027034	FUN_00027034
00023208	system_clock_and_systick_init	00023830	FUN_00023830
00023554	SystemInit	000234bc	system_clock_source_configure
0002359c	debug_usart1_dma_init	00027b3c	FUN_00027b3c
0002359c	debug_usart1_dma_init	00023574	debug_uart_gpio_configure
00023890	FUN_00023890	00027904	FUN_00027904
00023890	FUN_00023890	00027228	FUN_00027228
00023890	FUN_00023890	00027754	FUN_00027754
00023890	FUN_00023890	000208d6	FUN_000208d6
00023890	FUN_00023890	00024188	FUN_00024188
00023890	FUN_00023890	00026e20	FUN_00026e20
00023890	FUN_00023890	000270d8	FUN_000270d8
00023890	FUN_00023890	00027558	FUN_00027558
00023be8	FUN_00023be8	000208d6	FUN_000208d6
00023be8	FUN_00023be8	000237f0	FUN_000237f0
00023be8	FUN_00023be8	000242d4	FUN_000242d4
00023e94	FUN_00023e94	00027c3c	FUN_00027c3c
00023e94	FUN_00023e94	000208d6	FUN_000208d6
00023f56	FUN_00023f56	0002776c	FUN_0002776c
00023f56	FUN_00023f56	000208d6	FUN_000208d6
00023fd0	FUN_00023fd0	000208d6	FUN_000208d6
0002400c	FUN_0002400c	000208d6	FUN_000208d6
0002400c	FUN_0002400c	000237f0	FUN_000237f0
0002400c	FUN_0002400c	000242d4	FUN_000242d4
0002400c	FUN_0002400c	000242e4	FUN_000242e4
00024188	FUN_00024188	000270d8	FUN_000270d8
00024188	FUN_00024188	00027558	FUN_00027558
00024448	measure_position_sensor_offset	00027754	FUN_00027754
00024448	measure_position_sensor_offset	0002199c	thunk_EXT_FUN_1fffa30c
00024448	measure_position_sensor_offset	000219ba	thunk_EXT_FUN_1fffa3aa
00024448	measure_position_sensor_offset	00021f60	delay_us
00024448	measure_position_sensor_offset	000270d8	FUN_000270d8
00024448	measure_position_sensor_offset	00027558	FUN_00027558
00024448	measure_position_sensor_offset	00021e88	FUN_00021e88
00024448	measure_position_sensor_offset	00027074	FUN_00027074
00024448	measure_position_sensor_offset	00023be8	FUN_00023be8
00024448	measure_position_sensor_offset	00027228	FUN_00027228
00024448	measure_position_sensor_offset	0002379c	debug_uart_write
00024448	measure_position_sensor_offset	00027ad8	FUN_00027ad8
00024448	measure_position_sensor_offset	000274d8	FUN_000274d8
00024448	measure_position_sensor_offset	000219b0	thunk_EXT_FUN_1fff9c40
000246f8	calibrate_position_sensor	0002199c	thunk_EXT_FUN_1fffa30c
000246f8	calibrate_position_sensor	00024448	measure_position_sensor_offset
000246f8	calibrate_position_sensor	0002379c	debug_uart_write
000246f8	calibrate_position_sensor	00027ad8	FUN_00027ad8
000246f8	calibrate_position_sensor	00021f28	delay_ms
000246f8	calibrate_position_sensor	000219ba	thunk_EXT_FUN_1fffa3aa
000246f8	calibrate_position_sensor	000219b0	thunk_EXT_FUN_1fff9c40
000246f8	calibrate_position_sensor	00021e88	FUN_00021e88
000246f8	calibrate_position_sensor	00020474	debug_printf
00024b20	measure_encoder_alignment	00027754	FUN_00027754
00024b20	measure_encoder_alignment	0002199c	thunk_EXT_FUN_1fffa30c
00024b20	measure_encoder_alignment	000219ba	thunk_EXT_FUN_1fffa3aa
00024b20	measure_encoder_alignment	00021f60	delay_us
00024b20	measure_encoder_alignment	000270d8	FUN_000270d8
00024b20	measure_encoder_alignment	00027558	FUN_00027558
00024b20	measure_encoder_alignment	00021e88	FUN_00021e88
00024b20	measure_encoder_alignment	00027074	FUN_00027074
00024b20	measure_encoder_alignment	00027532	FUN_00027532
00024b20	measure_encoder_alignment	00027904	FUN_00027904
00024b20	measure_encoder_alignment	00027228	FUN_00027228
00024b20	measure_encoder_alignment	0002379c	debug_uart_write
00024b20	measure_encoder_alignment	00026eb8	enforce_device_key_binding_or_halt
00024b20	measure_encoder_alignment	00027ad8	FUN_00027ad8
00024b20	measure_encoder_alignment	000274d8	FUN_000274d8
00024b20	measure_encoder_alignment	000219b0	thunk_EXT_FUN_1fff9c40
00024ec0	validate_current_sensors	00027ad8	FUN_00027ad8
00024ec0	validate_current_sensors	00021f28	delay_ms
00024ec0	validate_current_sensors	00021f60	delay_us
00024ec0	validate_current_sensors	00020474	debug_printf
00024ec0	validate_current_sensors	000219c4	thunk_EXT_FUN_1fff987c
00025138	derive_control_parameters	00026eb8	enforce_device_key_binding_or_halt
000252f4	main	00022658	load_and_validate_calibration
000252f4	main	000257c4	run_motor_parameter_identification
000252f4	main	00022c10	position_sensor_configure
000252f4	main	000246f8	calibrate_position_sensor
000252f4	main	00026de8	select_configuration_bank_a
000252f4	main	00026d00	handle_firmware_control_request
000252f4	main	00021a00	adc_sampling_init
000252f4	main	00027ad8	FUN_00027ad8
000252f4	main	00021f28	delay_ms
000252f4	main	000228c0	load_motor_configuration
000252f4	main	000221f4	read_hardware_variant
000252f4	main	000256c8	power_stage_self_test_or_halt
000252f4	main	000264a4	detect_motor_direction_and_pole_pairs
000252f4	main	00020474	debug_printf
000252f4	main	00021eb0	crc_clock_enable
000252f4	main	00024ec0	validate_current_sensors
000252f4	main	00021f60	delay_us
000252f4	main	00024b20	measure_encoder_alignment
000252f4	main	00022fac	pwm_timer_init
000252f4	main	00021b00	calibrate_adc_offsets
000252f4	main	0002359c	debug_usart1_dma_init
000252f4	main	000219a6	thunk_EXT_FUN_1fff9950
000252f4	main	00023208	system_clock_and_systick_init
000252f4	main	00026e90	store_hardware_variant
000252f4	main	00026758	debug_print_device_info
000256c8	power_stage_self_test_or_halt	0002359c	debug_usart1_dma_init
000256c8	power_stage_self_test_or_halt	000207be	runtime_memcpy_aligned
000256c8	power_stage_self_test_or_halt	00021f28	delay_ms
000256c8	power_stage_self_test_or_halt	00020474	debug_printf
000256c8	power_stage_self_test_or_halt	00022ca8	power_stage_switch_response_test
000257c4	run_motor_parameter_identification	0002199c	thunk_EXT_FUN_1fffa30c
000257c4	run_motor_parameter_identification	00023890	FUN_00023890
000257c4	run_motor_parameter_identification	000207be	runtime_memcpy_aligned
000257c4	run_motor_parameter_identification	00023f56	FUN_00023f56
000257c4	run_motor_parameter_identification	000219ba	thunk_EXT_FUN_1fffa3aa
000257c4	run_motor_parameter_identification	000219ce	thunk_EXT_FUN_1fffa160
000257c4	run_motor_parameter_identification	000219d8	thunk_EXT_FUN_1fffa38a
000257c4	run_motor_parameter_identification	00021f60	delay_us
000257c4	run_motor_parameter_identification	000270d8	FUN_000270d8
000257c4	run_motor_parameter_identification	00027558	FUN_00027558
000257c4	run_motor_parameter_identification	00027074	FUN_00027074
000257c4	run_motor_parameter_identification	00027228	FUN_00027228
000257c4	run_motor_parameter_identification	000219ec	thunk_EXT_FUN_1fff9e44
000257c4	run_motor_parameter_identification	0002379c	debug_uart_write
000257c4	run_motor_parameter_identification	00026eb8	enforce_device_key_binding_or_halt
000257c4	run_motor_parameter_identification	00027ad8	FUN_00027ad8
000257c4	run_motor_parameter_identification	00021f28	delay_ms
000257c4	run_motor_parameter_identification	00025138	derive_control_parameters
000257c4	run_motor_parameter_identification	000219e2	thunk_EXT_FUN_1fffa234
000257c4	run_motor_parameter_identification	000219b0	thunk_EXT_FUN_1fff9c40
000257c4	run_motor_parameter_identification	0002400c	FUN_0002400c
000257c4	run_motor_parameter_identification	00020474	debug_printf
000257c4	run_motor_parameter_identification	00023fd0	FUN_00023fd0
000264a4	detect_motor_direction_and_pole_pairs	0002199c	thunk_EXT_FUN_1fffa30c
000264a4	detect_motor_direction_and_pole_pairs	0002379c	debug_uart_write
000264a4	detect_motor_direction_and_pole_pairs	00026eb8	enforce_device_key_binding_or_halt
000264a4	detect_motor_direction_and_pole_pairs	000219b0	thunk_EXT_FUN_1fff9c40
000264a4	detect_motor_direction_and_pole_pairs	000219ba	thunk_EXT_FUN_1fffa3aa
000264a4	detect_motor_direction_and_pole_pairs	00023e94	FUN_00023e94
000264a4	detect_motor_direction_and_pole_pairs	00021f60	delay_us
000266e8	halt_on_bus_overvoltage	00027ad8	FUN_00027ad8
000266e8	halt_on_bus_overvoltage	00021f28	delay_ms
000266e8	halt_on_bus_overvoltage	00020474	debug_printf
00026758	debug_print_device_info	00027ad8	FUN_00027ad8
00026758	debug_print_device_info	00020474	debug_printf
00026d00	handle_firmware_control_request	0002379c	debug_uart_write
00026d00	handle_firmware_control_request	000219a6	thunk_EXT_FUN_1fff9950
00026d00	handle_firmware_control_request	00025138	derive_control_parameters
00026d00	handle_firmware_control_request	00020734	runtime_memcpy
00026d00	handle_firmware_control_request	00021f60	delay_us
00026d00	handle_firmware_control_request	000203c8	FUN_000203c8
00026de8	select_configuration_bank_a	000252d8	copy_persistent_configuration
00026e04	select_configuration_bank_b	000252d8	copy_persistent_configuration
00026e20	FUN_00026e20	0002776c	FUN_0002776c
00026e20	FUN_00026e20	000208d6	FUN_000208d6
00026e90	store_hardware_variant	000252d8	copy_persistent_configuration
00026eb8	enforce_device_key_binding_or_halt	000207be	runtime_memcpy_aligned
00026eb8	enforce_device_key_binding_or_halt	00022570	FUN_00022570
00026eb8	enforce_device_key_binding_or_halt	00021f28	delay_ms
00026eb8	enforce_device_key_binding_or_halt	00021c1c	FUN_00021c1c
00026eb8	enforce_device_key_binding_or_halt	00020474	debug_printf
00027048	FUN_00027048	00021140	FUN_00021140
00027074	FUN_00027074	000276ac	FUN_000276ac
000270d8	FUN_000270d8	000276ac	FUN_000276ac
00027228	FUN_00027228	000276ac	FUN_000276ac
000274d8	FUN_000274d8	000276ac	FUN_000276ac
00027558	FUN_00027558	000276ac	FUN_000276ac
0002776c	FUN_0002776c	000276ac	FUN_000276ac
00027904	FUN_00027904	000276ac	FUN_000276ac
00027ad8	FUN_00027ad8	00027b9c	FUN_00027b9c
00027c3c	FUN_00027c3c	00027b9c	FUN_00027b9c
000287b6	FUN_000287b6	0002a2c0	FUN_0002a2c0
000287b6	FUN_000287b6	0002aa0a	FUN_0002aa0a
000287b6	FUN_000287b6	0002a98c	FUN_0002a98c
000287b6	FUN_000287b6	0002a6fa	FUN_0002a6fa
000287b6	FUN_000287b6	00029efc	FUN_00029efc
000287b6	FUN_000287b6	0002a448	FUN_0002a448
000287b6	FUN_000287b6	0002aa2a	FUN_0002aa2a
000287b6	FUN_000287b6	0002a65e	FUN_0002a65e
000287b6	FUN_000287b6	0002aa94	FUN_0002aa94
000287b6	FUN_000287b6	00028680	FUN_00028680
00029efc	FUN_00029efc	0002ab7a	thunk_FUN_00023be8
0002aa94	FUN_0002aa94	0002ab84	thunk_FUN_00023fd0
0002ab7a	thunk_FUN_00023be8	00023be8	FUN_00023be8
0002ab84	thunk_FUN_00023fd0	00023fd0	FUN_00023fd0
1fff8136	adc_foc_control_irq	1fffa07a	current_controller_step
1fff8136	adc_foc_control_irq	1fff8000	motor_fault_monitor
1fff8136	adc_foc_control_irq	1fff9fde	motion_observer_step
1fff8136	adc_foc_control_irq	1fff9c40	svpwm_write_compare
1fff8136	adc_foc_control_irq	1fffa3aa	wrap_periodic_value
1fff8136	adc_foc_control_irq	1fff987c	output_sensor_lookup_and_unwrap
1fff8136	adc_foc_control_irq	1fffa30c	fast_sincos_lut
1fff8136	adc_foc_control_irq	1fff9dc8	reset_control_state
1fff8136	adc_foc_control_irq	1fffa38a	clampf
1fff8136	adc_foc_control_irq	1fffa414	limit_vector_magnitude
1fff8770	position_sensor_dma_irq	1fffa3aa	wrap_periodic_value
1fff88b8	mcan1_receive_irq	1fff9acc	mcan_write_classic_tx_element
1fff88b8	mcan1_receive_irq	1fff9ba0	mcan_write_fd_brs_tx_element
1fff88b8	mcan1_receive_irq	00021cc8	mcan1_configure_classic
1fff88b8	mcan1_receive_irq	1fffa4e6	delay_ms
1fff88b8	mcan1_receive_irq	1fffa492	uint_to_float_packed
1fff88b8	mcan1_receive_irq	1fffa4dc	derive_control_parameters
1fff88b8	mcan1_receive_irq	1fff9950	flash_program_words
1fff88b8	mcan1_receive_irq	1fffa4f0	select_configuration_bank_b
1fff88b8	mcan1_receive_irq	1fffa46a	float_to_uint_packed
1fff88b8	mcan1_receive_irq	00021fc4	mcan1_configure_fd
1fff987c	output_sensor_lookup_and_unwrap	1fffa4fa	thunk_FUN_00023be8
1fffa414	limit_vector_magnitude	1fffa504	thunk_FUN_00023fd0
1fffa4dc	derive_control_parameters	00025138	derive_control_parameters
1fffa4e6	delay_ms	00021f28	delay_ms
1fffa4f0	select_configuration_bank_b	00026e04	select_configuration_bank_b
1fffa4fa	thunk_FUN_00023be8	00023be8	FUN_00023be8
1fffa504	thunk_FUN_00023fd0	00023fd0	FUN_00023fd0
