address	value	reference_from
00021108	SIGRTMEM: Out of heap memory	000210f8
00021128	: Heap memory corrupted	00021102
00022874	Error,O-sensor need calibration!\r\n	0002279c
0002289a	2=O-sensor fail!Max=%.4f\r\n	
00024b00	u=%.4f v=%.4f  w=%.4f c=%.4f\r\n	00024a86
000250dc	Sensor U broken!U=%.4f\r\n	00024f84
000250f8	Sensor V broken!V=%.4f\r\n	00024fa8
00025604	 Commands:\n\r	0002543a
00025614	 m - Motor Mode\n\r	00025446
00025628	 s - Setup Mode\n\r	00025452
0002563c	 esc - Exit to Menu\n\r	0002545e
00025657	@\n\r Entering Motor Mode \n\r	
0002567b	@CAN Error 1\n\r	
0002568c	CAN Error 2\n\r	000254e6
0002575c	W  | W  | V  | V  | U  | U 	000256ce
0002577b	@MOSFET ERROR,  WH | WL | VH | VL | UH | UL\r\n	
000257ac	               %s\r\n	00025734
00025c24	error!/r/n	00025b0e
00026733	@V_BUS= %.4f Over Voltage!!!\r\n	
00026a07	GDMBOT Motor Driver	
00026a20	--V2.0	000267f0
00026a40	\n\r Debug Info:\n\r	00026810
00026a54	Firmware Version: %d\r\n	0002681a
00026a6c	Sub Version: %03d\r\n	00026822
00026a88	Imax: %f\r\n	0002682c
00026a98	 I_U Offset:     %.4f\r\n	00026842
00026ab0	 I_V Offset:     %.4f\r\n	00026856
00026ac8	 I_W Offset:     %.4f\r\n	0002686a
00026ae0	 Position Sensor Electrical Offset:   %.4f\n\r	00026882
00026b10	 Mechanical Offset:   %.4f\n\r	00026896
00026b30	 Output Position:  %.4f\n\r	000268aa
00026b50	 CAN ID:     0x%03x\n\r	000268b6
00026b68	 MASTER ID:  0x%03x\n\r	000268be
00026b82	zD CAN Baud: %dKbps\n\r	
00026b9b	: CAN Baud: %.2fMbps\n\r	
00026bb4	\n\r Motor Info:\n\r	000268fe
00026c0c	V_BUS=%.4f\r\n	00026966
00026c1c	\n\r Control Mode : \r\n	00026970
00026c34	1:MIT Mode <----\n\r	0002697c
00026c48	2:position-speed cascade Mode\n\r	00026982
00026c48	2:position-speed cascade Mode\n\r	000269be
00026c48	2:position-speed cascade Mode\n\r	000269e2
00026c68	3:speed Mode\n\r	00026988
00026c68	3:speed Mode\n\r	000269a6
00026c68	3:speed Mode\n\r	000269e8
00026c78	4:Hybrid control Mode\n\r	0002698e
00026c78	4:Hybrid control Mode\n\r	000269ac
00026c78	4:Hybrid control Mode\n\r	000269ca
00026c90	1:MIT Mode\n\r	0002699a
00026c90	1:MIT Mode\n\r	000269b8
00026c90	1:MIT Mode\n\r	000269dc
00026ca0	2:position-speed cascade Mode <----\n\r	000269a0
00026cc8	3:speed Mode <----\n\r	000269c4
00026ce0	4:Hybrid control Mode <----\n\r	000269f2
00027000	The key verification failed. This is a duplicate!\n	00026fcc
000284ec	fff?0123456789ABCDEF@0X	
00028504	0123456789abcdef@0x	
