address	size	name	calling_convention
00000250	8	__program_start	unknown
00000258	4	main	unknown
00000272	6	FUN_00000272	unknown
00000278	8	Reset_Handler	unknown
00000280	2	NMI_Handler	unknown
00000282	2	HardFault_Handler	unknown
00000284	2	MemManage_Handler	unknown
00000286	2	BusFault_Handler	unknown
00000288	2	UsageFault_Handler	unknown
0000028a	2	SVC_Handler	unknown
0000028c	2	DebugMon_Handler	unknown
0000028e	2	PendSV_Handler	unknown
00000290	2	SysTick_Handler	unknown
00000292	2	Default_Handler	unknown
0000029c	98	FUN_0000029c	unknown
000002fe	30	FUN_000002fe	unknown
0000031c	36	FUN_0000031c	unknown
00000340	26	FUN_00000340	unknown
0000035a	24	FUN_0000035a	unknown
00000372	74	FUN_00000372	unknown
000003aa	32	FUN_000003aa	unknown
000003cc	36	__iar_data_init3	unknown
000003f0	10	thunk_EXT_FUN_1fff8000	unknown
000003fa	2	thunk_FUN_000003fc	unknown
000003fc	2	FUN_000003fc	unknown
000003fe	2	FUN_000003fe	unknown
00000460	16	FUN_00000460	unknown
00000470	252	FUN_00000470	unknown
00000560	92	FUN_00000560	unknown
000005da	156	FUN_000005da	unknown
00000676	86	__iar_unpack_data	unknown
000006cc	118	FUN_000006cc	unknown
00000742	30	FUN_00000742	unknown
00000760	56	FUN_00000760	unknown
00000798	608	FUN_00000798	unknown
00000a18	94	FUN_00000a18	unknown
00000a78	312	FUN_00000a78	unknown
00000bc0	390	FUN_00000bc0	unknown
00000db8	44	mcan_send_frame	unknown
00000dec	22	FUN_00000dec	unknown
00000e02	22	FUN_00000e02	unknown
00000e18	220	FUN_00000e18	unknown
00000f00	46	FUN_00000f00	unknown
00000f50	146	FUN_00000f50	unknown
00001008	594	FUN_00001008	unknown
00001298	82	FUN_00001298	unknown
000012ec	162	FUN_000012ec	unknown
000013b4	20	FUN_000013b4	unknown
000013c8	48	FUN_000013c8	unknown
000013f8	144	FUN_000013f8	unknown
000014ac	244	FUN_000014ac	unknown
000015c8	26	FUN_000015c8	unknown
000015e2	82	FUN_000015e2	unknown
00001634	178	FUN_00001634	unknown
000016f4	98	FUN_000016f4	unknown
00001770	330	FUN_00001770	unknown
000018f4	232	FUN_000018f4	unknown
00001a14	54	delay_ms	unknown
00001a54	74	FUN_00001a54	unknown
00001ac0	60	FUN_00001ac0	unknown
00001b20	52	FUN_00001b20	unknown
00001b74	162	FUN_00001b74	unknown
00001c48	288	FUN_00001c48	unknown
00001d98	44	FUN_00001d98	unknown
00001de4	40	FUN_00001de4	unknown
00001e30	278	FUN_00001e30	unknown
00001f80	16	FUN_00001f80	unknown
00001f94	258	FUN_00001f94	unknown
000020cc	120	FUN_000020cc	unknown
0000216c	48	FUN_0000216c	unknown
0000219c	80	FUN_0000219c	unknown
00002210	80	FUN_00002210	unknown
00002284	80	FUN_00002284	unknown
000022f8	570	FUN_000022f8	unknown
00002558	82	FUN_00002558	unknown
000025d0	124	FUN_000025d0	unknown
00002670	196	FUN_00002670	unknown
00002758	82	FUN_00002758	unknown
000027d0	116	FUN_000027d0	unknown
00002868	38	FUN_00002868	unknown
00002890	82	FUN_00002890	unknown
00002908	246	FUN_00002908	unknown
00002a10	124	FUN_00002a10	unknown
00002ab8	14	IRQ000_Handler	unknown
00002acc	14	IRQ001_Handler	unknown
00002ae0	14	IRQ002_Handler	unknown
00002af4	14	IRQ003_Handler	unknown
00002b08	14	IRQ004_Handler	unknown
00002b1c	14	IRQ005_Handler	unknown
00002b30	14	IRQ006_Handler	unknown
00002b44	14	IRQ007_Handler	unknown
00002b58	14	IRQ008_Handler	unknown
00002b6c	14	IRQ009_Handler	unknown
00002b80	14	IRQ010_Handler	unknown
00002b94	14	IRQ011_Handler	unknown
00002ba8	14	IRQ012_Handler	unknown
00002bbc	14	IRQ013_Handler	unknown
00002bd0	14	IRQ014_Handler	unknown
00002be4	14	IRQ015_Handler	unknown
00002bf8	334	FUN_00002bf8	unknown
00002d50	122	FUN_00002d50	unknown
00002de0	114	FUN_00002de0	unknown
00002e68	124	mcan1_receive_irq	unknown
00002efc	424	FUN_00002efc	unknown
000030cc	68	FUN_000030cc	unknown
00003138	268	FUN_00003138	unknown
00003270	100	FUN_00003270	unknown
000032fc	534	FUN_000032fc	unknown
00003540	72	FUN_00003540	unknown
00003588	48	FUN_00003588	unknown
000035c0	554	FUN_000035c0	unknown
00003820	78	FUN_00003820	unknown
00003898	924	FUN_00003898	unknown
00003c60	210	FUN_00003c60	unknown
00003d5c	588	FUN_00003d5c	unknown
00003fd4	96	FUN_00003fd4	unknown
00004034	42	FUN_00004034	unknown
00004088	116	FUN_00004088	unknown
000040fc	230	FUN_000040fc	unknown
0000420c	212	FUN_0000420c	unknown
000042e0	18	FUN_000042e0	unknown
000042fc	14	FUN_000042fc	unknown
00004314	820	FUN_00004314	unknown
0000467c	270	FUN_0000467c	unknown
000047bc	54	configure_swd_access	unknown
00004814	50	FUN_00004814	unknown
00004848	98	FUN_00004848	unknown
000048c4	418	FUN_000048c4	unknown
00004aa4	298	FUN_00004aa4	unknown
00004c04	46	FUN_00004c04	unknown
00004c38	6	FUN_00004c38	unknown
00004c44	18	FUN_00004c44	unknown
00004c58	160	FUN_00004c58	unknown
00004d20	28	SystemInit	unknown
00004d40	130	FUN_00004d40	unknown
00004dc8	114	FUN_00004dc8	unknown
00004e64	114	FUN_00004e64	unknown
00004f00	284	FUN_00004f00	unknown
00005044	98	FUN_00005044	unknown
000050c0	396	FUN_000050c0	unknown
00005284	278	FUN_00005284	unknown
000053d4	134	FUN_000053d4	unknown
00005498	290	FUN_00005498	unknown
000055fc	20	FUN_000055fc	unknown
00005618	100	FUN_00005618	unknown
000056b8	112	FUN_000056b8	unknown
00005760	60	FUN_00005760	unknown
000057d4	230	FUN_000057d4	unknown
000058f4	464	FUN_000058f4	unknown
00005afc	46	FUN_00005afc	unknown
00005b2c	84	FUN_00005b2c	unknown
00005bb8	48	debug_write	unknown
00005bec	64	debug_uart_error_irq	unknown
00005c30	296	debug_uart_receive_irq	unknown
00005de0	24	FUN_00005de0	unknown
00005e00	22	debug_printf	unknown
00005e20	34	FUN_00005e20	unknown
00005e48	22	FUN_00005e48	unknown
00005e64	22	FUN_00005e64	unknown
00005e80	22	FUN_00005e80	unknown
00005e9c	30	FUN_00005e9c	unknown
00005ec0	34	FUN_00005ec0	unknown
00005ee4	32	FUN_00005ee4	unknown
00005f0c	2	thunk_FUN_00005f14	unknown
00005f14	12	FUN_00005f14	unknown
00005f1c	14	__iar_zero_init	unknown
00005f2c	984	FUN_00005f2c	unknown
00006330	36	FUN_00006330	unknown
00006354	46	FUN_00006354	unknown
00006382	10	FUN_00006382	unknown
0000638c	44	FUN_0000638c	unknown
000063b8	76	boot_hardware_init	unknown
00006410	28	clear_boot_request_record	unknown
00006430	82	erase_flash_sector_at	unknown
000064a8	24	debug_putchar	unknown
000064c4	248	debug_command_handler	unknown
00006608	378	firmware_update_frame_handler	unknown
000067c0	42	prepare_device_key_material	unknown
000067f4	24	jump_to_application	unknown
00006810	34	flash_region_is_programmed	unknown
00006834	14	load_persistent_boot_record	unknown
0000684c	648	main	unknown
00006bbc	46	aes_update_chunk_transform	unknown
00006bfc	16	debug_error_callback	unknown
00006c18	16	debug_status_callback	unknown
00006c34	28	store_upgrade_complete_record	unknown
00006c54	72	reverse_serial_hex_group	unknown
00006c9c	60	update_persistent_device_id	unknown
00006ce0	620	authenticate_device_and_print_serial	unknown
00006ff8	370	authenticate_device_key	unknown
00007198	56	crc8_maxim	unknown
000071d0	20	FUN_000071d0	unknown
00012000	1	FUN_00012000	unknown
1fff8000	156	flash_erase_and_program	unknown
1fff809c	402	flash_program_and_verify	unknown
1fff8238	10	thunk_FUN_00001f80	unknown
1fff8242	10	thunk_FUN_00001ac0	unknown
1fff824c	10	thunk_FUN_00001b20	unknown
1fff8256	10	thunk_FUN_00001f94	unknown
1fff8260	10	thunk_FUN_00001e30	unknown
1fff826a	10	thunk_FUN_00001de4	unknown
1fff8274	10	thunk_FUN_00001b74	unknown
1fff827e	10	thunk_FUN_00001d98	unknown
1fff8288	10	thunk_FUN_00002de0	unknown
1fff8292	10	thunk_FUN_00001c48	unknown
