canonical_address	target_address	evidence_count	alternatives	example
0x1fff883e	0x1fff81fe	1		0x1fff8770:58->0x1fff8130:58
0x1fff8852	0x1fff8212	1		0x1fff8770:66->0x1fff8130:66
0x1fff8884	0x1fff8244	1		0x1fff8770:7->0x1fff8130:7
0x1fff8886	0x1fff8246	1		0x1fff8770:83->0x1fff8130:83
0x1fff88a0	0x1fff8260	1		0x1fff8770:84->0x1fff8130:84
0x1fff8b40	0x1fff8500	1		0x1fff8744:0->0x1fff8104:0
0x1fff8b44	0x1fff8504	1		0x1fff8744:5->0x1fff8104:5
0x1fff8b48	0x1fff8508	1		0x1fff8770:2->0x1fff8130:2
0x1fff8b4c	0x1fff850c	1		0x1fff8770:3->0x1fff8130:3
0x1fff8b50	0x1fff8510	1		0x1fff8770:8->0x1fff8130:8
0x1fff8b54	0x1fff8514	1		0x1fff8770:9->0x1fff8130:9
0x1fff8b58	0x1fff8518	1		0x1fff8770:10->0x1fff8130:10
0x1fff8b5c	0x1fff851c	1		0x1fff8770:20->0x1fff8130:20
0x1fff8b60	0x1fff8520	1		0x1fff8770:30->0x1fff8130:30
0x1fff8b64	0x1fff8524	1		0x1fff8770:45->0x1fff8130:45
0x1fff8b68	0x1fff8528	1		0x1fff8770:48->0x1fff8130:48
0x1fff8b6c	0x1fff852c	1		0x1fff8770:54->0x1fff8130:54
0x1fff8b70	0x1fff8530	1		0x1fff8770:64->0x1fff8130:64
0x1fff8b74	0x1fff8534	1		0x1fff8770:86->0x1fff8130:86
0x1fff8b78	0x1fff8538	1		0x1fff8770:93->0x1fff8130:93
0x1fff8b7c	0x1fff853c	1		0x1fff8770:95->0x1fff8130:95
0x1fff987c	0x1fff9240	1		0x000219c4:2->0x000219c4:2
0x1fff9950	0x1fff9988	1		0x000219a6:2->0x000219a6:2
0x1fff999c	0x1fff99d4	1		0x1fff9950:26->0x1fff9988:26
0x1fff99cc	0x1fff9a04	1		0x1fff9950:41->0x1fff9988:41
0x1fff99e8	0x1fff9a20	1		0x1fff9950:58->0x1fff9988:58
0x1fff99ec	0x1fff9a24	1		0x1fff9950:54->0x1fff9988:54
0x1fff99f6	0x1fff9a2e	1		0x1fff9950:49->0x1fff9988:49
0x1fff9a08	0x1fff9a40	1		0x1fff9950:66->0x1fff9988:66
0x1fff9a0a	0x1fff9a42	1		0x1fff9950:62->0x1fff9988:62
0x1fff9a80	0x1fff9ab8	1		0x1fff9a38:26->0x1fff9a70:26
0x1fff9aa0	0x1fff9ad8	1		0x1fff9a38:41->0x1fff9a70:41
0x1fff9ac0	0x1fff9af8	8		0x1fff9950:1->0x1fff9988:1
0x1fff9ac4	0x1fff9afc	2		0x1fff9950:8->0x1fff9988:8
0x1fff9ac8	0x1fff9b00	2		0x1fff9950:33->0x1fff9988:33
0x1fff9acd	0x1fff9b05	1		0x00022244:256->0x00022244:256
0x1fff9b22	0x1fff9b5a	1		0x1fff9b0e:5->0x1fff9b46:5
0x1fff9b2a	0x1fff9b62	1		0x1fff9b0e:9->0x1fff9b46:9
0x1fff9b32	0x1fff9b6a	1		0x1fff9b0e:13->0x1fff9b46:13
0x1fff9b3a	0x1fff9b72	1		0x1fff9b0e:17->0x1fff9b46:17
0x1fff9b42	0x1fff9b7a	1		0x1fff9b0e:21->0x1fff9b46:21
0x1fff9b4a	0x1fff9b82	1		0x1fff9b0e:25->0x1fff9b46:25
0x1fff9b52	0x1fff9b8a	1		0x1fff9b0e:29->0x1fff9b46:29
0x1fff9b58	0x1fff9b90	8		0x1fff9b0e:7->0x1fff9b46:7
0x1fff9b82	0x1fff9bba	1		0x1fff9b0e:57->0x1fff9b46:57
0x1fff9b92	0x1fff9bca	1		0x1fff9b0e:48->0x1fff9b46:48
0x1fff9ba1	0x1fff9bd9	1		0x00022244:256->0x00022244:256
0x1fff9bb4	0x1fff9bec	1		0x1fff9ba0:5->0x1fff9bd8:5
0x1fff9bbc	0x1fff9bf4	1		0x1fff9ba0:9->0x1fff9bd8:9
0x1fff9bc4	0x1fff9bfc	1		0x1fff9ba0:13->0x1fff9bd8:13
0x1fff9bcc	0x1fff9c04	1		0x1fff9ba0:17->0x1fff9bd8:17
0x1fff9bd4	0x1fff9c0c	1		0x1fff9ba0:21->0x1fff9bd8:21
0x1fff9bdc	0x1fff9c14	1		0x1fff9ba0:25->0x1fff9bd8:25
0x1fff9be4	0x1fff9c1c	1		0x1fff9ba0:29->0x1fff9bd8:29
0x1fff9bea	0x1fff9c22	8		0x1fff9ba0:7->0x1fff9bd8:7
0x1fff9c14	0x1fff9c4c	1		0x1fff9ba0:57->0x1fff9bd8:57
0x1fff9c24	0x1fff9c5c	1		0x1fff9ba0:48->0x1fff9bd8:48
0x1fff9c34	0x1fff9c6c	3		0x1fff9acc:1->0x1fff9b04:1
0x1fff9c38	0x1fff9c70	3		0x1fff9acc:7->0x1fff9b04:7
0x1fff9c3c	0x1fff9c74	2		0x1fff9b0e:44->0x1fff9b46:44
0x1fff9c40	0x1fff9c78	1		0x000219b0:2->0x000219b0:2
0x1fff9e44	0x1fff9e7c	1		0x000219ec:2->0x000219ec:2
0x1fff9e98	0x1fff9ed0	2		0x1fff9e44:16->0x1fff9e7c:16
0x1fff9f7a	0x1fff9fb2	1		0x1fff9ea6:13->0x1fff9ede:13
0x1fff9f96	0x1fff9fce	1		0x1fff9ea6:57->0x1fff9ede:57
0x1fff9fd4	0x1fffa00c	1		0x1fff9ea6:76->0x1fff9ede:76
0x1fff9fd8	0x1fffa010	1		0x1fff9ea6:81->0x1fff9ede:81
0x1fffa118	0x1fffa150	1		0x1fff9ea6:58->0x1fff9ede:58
0x1fffa11c	0x1fffa154	1		0x1fff9ea6:1->0x1fff9ede:1
0x1fffa120	0x1fffa158	1		0x1fff9ea6:7->0x1fff9ede:7
0x1fffa124	0x1fffa15c	1		0x1fff9ea6:9->0x1fff9ede:9
0x1fffa130	0x1fffa168	1		0x1fff9ea6:11->0x1fff9ede:11
0x1fffa134	0x1fffa16c	1		0x1fff9ea6:12->0x1fff9ede:12
0x1fffa138	0x1fffa170	1		0x1fff9e44:8->0x1fff9e7c:8
0x1fffa13c	0x1fffa174	1		0x1fff9ea6:2->0x1fff9ede:2
0x1fffa140	0x1fffa178	1		0x1fff9ea6:3->0x1fff9ede:3
0x1fffa144	0x1fffa17c	1		0x1fff9ea6:19->0x1fff9ede:19
0x1fffa148	0x1fffa180	1		0x1fff9ea6:32->0x1fff9ede:32
0x1fffa14c	0x1fffa184	1		0x1fff9ea6:43->0x1fff9ede:43
0x1fffa150	0x1fffa188	1		0x1fff9ea6:46->0x1fff9ede:46
0x1fffa154	0x1fffa18c	1		0x1fff9ea6:49->0x1fff9ede:49
0x1fffa158	0x1fffa190	1		0x1fff9ea6:67->0x1fff9ede:67
0x1fffa160	0x1fffa198	1		0x000219ce:2->0x000219ce:2
0x1fffa234	0x1fffa26c	1		0x000219e2:2->0x000219e2:2
0x1fffa300	0x1fffa338	1		0x1fffa160:19->0x1fffa198:19
0x1fffa304	0x1fffa33c	1		0x1fffa160:27->0x1fffa198:27
0x1fffa308	0x1fffa340	1		0x1fffa160:29->0x1fffa198:29
0x1fffa30c	0x1fffa344	1		0x0002199c:2->0x0002199c:2
0x1fffa38a	0x1fffa3c2	1		0x000219d8:2->0x000219d8:2
0x1fffa3aa	0x1fffa3e2	2		0x000219ba:2->0x000219ba:2
0x1fffa510	0x1fffa5f8	4		0x00025138:21->0x00025134:21
0x1fffa514	0x1fffa5fc	4		0x00025138:27->0x00025134:27
0x1fffa528	0x1fffa610	1		0x000246f8:138->0x000246f8:138
0x1fffa538	0x1fffa620	5		0x000246f8:139->0x000246f8:139
0x1fffa53c	0x1fffa624	4		0x00025138:28->0x00025134:28
0x1fffa550	0x1fffa638	1		0x000246f8:141->0x000246f8:141
0x1fffa568	0x1fffa650	2		0x000257c4:862->0x000257c4:862
0x1fffa56c	0x1fffa654	2		0x000257c4:860->0x000257c4:860
0x1fffa590	0x1fffa678	2		0x000257c4:865->0x000257c4:865
0x1fffa594	0x1fffa67c	2		0x000257c4:867->0x000257c4:867
0x1fffa5b8	0x1fffa548	1		0x00022244:96->0x00022244:96
0x1fffa5ba	0x1fffa54a	2		0x00022244:16->0x00022244:16
0x1fffa5bc	0x1fffa54c	1		0x00026758:50->0x00026758:50
0x1fffa5c0	0x1fffa550	4		0x00022658:40->0x00022658:40
0x1fffa5c4	0x1fffa554	4		0x00022658:40->0x00022658:40
0x1fffa5c8	0x1fffa558	7		0x00022244:221->0x00022244:221
0x1fffa5cc	0x1fffa55c	1		0x1fff9ea6:73->0x1fff9ede:73
0x1fffa5e4	0x1fffa574	1		0x00026758:123->0x00026758:123
0x1fffa5e8	0x1fffa578	1		0x00026758:120->0x00026758:120
0x1fffa5f4	0x1fffa584	2		0x000257c4:823->0x000257c4:823
0x1fffa5f8	0x1fffa588	3		0x000257c4:827->0x000257c4:827
0x1fffa608	0x1fffa598	3		0x000257c4:843->0x000257c4:843
0x1fffa60c	0x1fffa59c	8		0x00022244:167->0x00022244:167
0x1fffa610	0x1fffa5a0	8		0x00022244:169->0x00022244:169
0x1fffa614	0x1fffa5a4	6		0x00022244:171->0x00022244:171
0x1fffa618	0x1fffa5a8	3		0x000257c4:463->0x000257c4:463
0x1fffa628	0x1fffa5b8	3		0x000257c4:447->0x000257c4:447
0x1fffa62c	0x1fffa5bc	2		0x000257c4:861->0x000257c4:861
0x1fffa630	0x1fffa5c0	2		0x000257c4:859->0x000257c4:859
0x1fffa634	0x1fffa5c4	2		0x000257c4:864->0x000257c4:864
0x1fffa638	0x1fffa5c8	2		0x000257c4:866->0x000257c4:866
0x1fffa640	0x1fffa5d0	1		0x1fff9ea6:78->0x1fff9ede:78
0x1fffa644	0x1fffa5d4	1		0x000257c4:855->0x000257c4:855
0x1fffa654	0x1fffa5e4	1		0x00022244:247->0x00022244:247
0x1fffa65c	0x1fffa5ec	1		0x00022c10:28->0x00022c10:28
0x1fffa65d	0x1fffa5ed	1		0x00022c10:28->0x00022c10:28
0x1fffa666	0x1fffa6a0	2		0x000230c4:18->0x000230c4:18
0x1fffa670	0x1fffa6a8	1		0x00020474:1->0x00020474:1
0x1fffc678	0x1fffc6b0	9		0x00022570:33->0x00022570:33
0x1fffc78c	0x1ffff35c	3		0x00025138:52->0x00025134:52
0x1fffc79c	0x1ffff36c	2		0x00025138:37->0x00025134:37
0x1fffc7a8	0x1ffff378	2		0x00025138:54->0x00025134:54
0x1fffc7ac	0x1ffff37c	2		0x00025138:46->0x00025134:46
0x1fffc7b0	0x1ffff380	2		0x00025138:49->0x00025134:49
0x1fffc7b4	0x1ffff384	1		0x00025138:50->0x00025134:50
0x1fffc7b8	0x1ffff388	2		0x00025138:59->0x00025134:59
0x1fffc7bc	0x1ffff38c	2		0x00025138:60->0x00025134:60
0x1fffc7d0	0x1ffff3a0	2		0x00025138:61->0x00025134:61
0x1fffc7d4	0x1ffff3a4	2		0x00025138:62->0x00025134:62
0x1fffc7d8	0x1ffff3a8	3		0x00025138:68->0x00025134:68
0x1fffc7e8	0x1ffff3b8	2		0x00025138:64->0x00025134:64
0x1fffc7f4	0x1ffff3c4	2		0x00025138:69->0x00025134:69
0x1fffc7f8	0x1ffff3c8	2		0x00025138:65->0x00025134:65
0x1fffc7fc	0x1ffff3cc	2		0x00025138:66->0x00025134:66
0x1fffc800	0x1ffff3d0	1		0x00025138:67->0x00025134:67
0x1fffc804	0x1ffff3d4	2		0x00025138:70->0x00025134:70
0x1fffc808	0x1ffff3d8	2		0x00025138:71->0x00025134:71
0x1fffc81c	0x1ffff3ec	2		0x00025138:72->0x00025134:72
0x1fffc820	0x1ffff3f0	2		0x00025138:73->0x00025134:73
0x1fffc824	0x1fffc7b0	4		0x000252d8:3->0x000252d4:3
0x1fffc828	0x1fffc7b4	3		0x000252d8:4->0x000252d4:4
0x1fffc82c	0x1fffc7b8	1		0x000252d8:4->0x000252d4:4
0x1fffc830	0x1fffc7bc	2		0x000252d8:4->0x000252d4:4
0x1fffc834	0x1fffc7c0	1		0x000252d8:4->0x000252d4:4
0x1fffc838	0x1fffc7c4	8		0x00022244:123->0x00022244:123
0x1fffc839	0x1fffc7c5	4		0x00022244:125->0x00022244:125
0x1fffc83d	0x1fffc7c9	2		0x00022244:170->0x00022244:170
0x1fffc841	0x1fffc7cd	1		0x00022244:172->0x00022244:172
0x1fffc84c	0x1fffc7d8	7		0x00022658:9->0x00022658:9
0x1fffc850	0x1fffc7dc	4		0x00022658:9->0x00022658:9
0x1fffd074	0x1fffd000	1		0x00022244:135->0x00022244:135
0x1fffd078	0x1fffd004	3		0x00022658:75->0x00022658:75
0x1fffd07a	0x1fffd006	2		0x00022658:85->0x00022658:85
0x1fffd07c	0x1fffd008	1		0x00022658:85->0x00022658:85
0x1ffff078	0x1ffff004	2		0x00022658:62->0x00022658:62
0x1ffff07c	0x1ffff008	2		0x00022658:62->0x00022658:62
0x1ffff080	0x1ffff00c	2		0x00022658:62->0x00022658:62
0x1ffff084	0x1ffff010	3		0x00022658:62->0x00022658:62
0x1ffff088	0x1ffff014	3		0x000257c4:455->0x000257c4:455
0x1ffff090	0x1ffff01c	5		0x1fff8770:59->0x1fff8130:59
0x1ffff09c	0x1ffff028	9		0x00022658:22->0x00022658:22
0x1ffff0a0	0x1ffff02c	8		0x000246f8:42->0x000246f8:42
0x1ffff0ac	0x1ffff038	3		0x00022658:55->0x00022658:55
0x1ffff0bc	0x1ffff048	6		0x00022244:134->0x00022244:134
0x1ffff0c0	0x1ffff04c	5		0x00022244:33->0x00022244:33
0x1ffff0c4	0x1ffff050	2		0x00022244:43->0x00022244:43
0x1ffff0cc	0x1ffff058	2		0x000257c4:471->0x000257c4:471
0x1ffff0d0	0x1ffff05c	1		0x000257c4:477->0x000257c4:477
0x1ffff0d4	0x1ffff060	3		0x00024448:4->0x00024448:4
0x1ffff0dc	0x1ffff068	14		0x00024448:9->0x00024448:9
0x1ffff0e0	0x1ffff06c	7		0x000246f8:99->0x000246f8:99
0x1ffff0e4	0x1ffff070	1		0x1fff8770:77->0x1fff8130:77
0x1ffff0e8	0x1ffff074	1		0x000264a4:143->0x000264a4:143
0x1ffff0f0	0x1ffff07c	2		0x000257c4:386->0x000257c4:386
0x1ffff0f4	0x1ffff080	2		0x000257c4:388->0x000257c4:388
0x1ffff104	0x1ffff090	1		0x00022244:25->0x00022244:25
0x1ffff140	0x1ffff0cc	4		0x00026758:176->0x00026758:176
0x1ffff144	0x1ffff0d0	5		0x000257c4:137->0x000257c4:137
0x1ffff148	0x1ffff0d4	5		0x000257c4:143->0x000257c4:143
0x1ffff14c	0x1ffff0d8	1		0x00026758:93->0x00026758:93
0x1ffff16c	0x1ffff0f8	8		0x00025138:5->0x00025134:5
0x1ffff170	0x1ffff0fc	4		0x000257c4:136->0x000257c4:136
0x1ffff184	0x1ffff110	6		0x00022244:39->0x00022244:39
0x1ffff190	0x1ffff11c	3		0x00024b20:123->0x00024b20:123
0x1ffff194	0x1ffff120	13		0x000246f8:93->0x000246f8:93
0x1ffff198	0x1ffff124	15		0x000246f8:98->0x000246f8:98
0x1ffff19c	0x1ffff128	2		0x1fff8770:53->0x1fff8130:53
0x1ffff1a0	0x1ffff12c	9		0x000257c4:278->0x000257c4:278
0x1ffff1a4	0x1ffff130	1		0x1fff8770:81->0x1fff8130:81
0x1ffff1a8	0x1ffff134	7		0x00022658:56->0x00022658:56
0x1ffff1ac	0x1ffff138	6		0x00024448:53->0x00024448:53
0x1ffff1b0	0x1ffff13c	3		0x00024448:46->0x00024448:46
0x1ffff1b4	0x1ffff140	3		0x00024448:48->0x00024448:48
0x1ffff1bc	0x1ffff148	5		0x00022658:65->0x00022658:65
0x1ffff1c4	0x1ffff150	5		0x00022658:67->0x00022658:67
0x1ffff1d0	0x1ffff15c	4		0x00022658:69->0x00022658:69
0x1ffff1d4	0x1ffff160	3		0x00022658:71->0x00022658:71
0x1ffff1d8	0x1ffff164	3		0x00022658:64->0x00022658:64
0x1ffff1e0	0x1ffff16c	1		0x00022658:59->0x00022658:59
0x1ffff1fc	0x1ffff188	2		0x00022244:257->0x00022244:257
0x1ffff200	0x1ffff18c	1		0x00022244:87->0x00022244:87
0x1ffff204	0x1ffff190	1		0x00022244:91->0x00022244:91
0x1ffff20c	0x1ffff198	2		0x00022244:132->0x00022244:132
0x1ffff214	0x1ffff1a0	1		0x00022244:185->0x00022244:185
0x1ffff218	0x1ffff1a4	3		0x00022244:216->0x00022244:216
0x1ffff23c	0x1ffff1c8	11		0x00024448:18->0x00024448:18
0x1ffff244	0x1ffff1d0	8		0x00025138:15->0x00025134:15
0x1ffff248	0x1ffff1d4	6		0x00025138:25->0x00025134:25
0x1ffff24c	0x1ffff1d8	3		0x00024448:19->0x00024448:19
0x1ffff250	0x1ffff1dc	1		0x000257c4:48->0x000257c4:48
0x1ffff254	0x1ffff1e0	1		0x000257c4:197->0x000257c4:197
0x1ffff258	0x1ffff1e4	1		0x000257c4:198->0x000257c4:198
0x1ffff260	0x1ffff1ec	1		0x000257c4:501->0x000257c4:501
0x1ffff264	0x1ffff1f0	1		0x000257c4:507->0x000257c4:507
0x1ffff274	0x1ffff200	3		0x00025138:13->0x00025134:13
0x1ffff278	0x1ffff204	1		0x00025138:53->0x00025134:53
0x1ffff27c	0x1ffff208	2		0x00025138:74->0x00025134:74
0x1ffff280	0x1ffff20c	2		0x00025138:23->0x00025134:23
0x1ffff284	0x1ffff210	3		0x00025138:14->0x00025134:14
0x1ffff288	0x1ffff214	2		0x00025138:78->0x00025134:78
0x1ffff28c	0x1ffff218	2		0x00025138:76->0x00025134:76
0x1ffff290	0x1ffff21c	1		0x000257c4:856->0x000257c4:856
0x1ffff294	0x1ffff220	1		0x00025138:91->0x00025134:91
0x1ffff298	0x1ffff224	1		0x00025138:93->0x00025134:93
0x1ffff29c	0x1ffff228	1		0x00022244:252->0x00022244:252
0x1ffff2a0	0x1ffff22c	1		0x00022244:256->0x00022244:256
0x1ffff340	0x1ffff2cc	2		0x00022244:112->0x00022244:112
0x1ffff341	0x1ffff2cd	2		0x00022244:120->0x00022244:120
0x1ffff37d	0x1ffff309	2		0x00022244:114->0x00022244:114
0x1ffff37e	0x1ffff30a	6		0x00022244:117->0x00022244:117
0x1ffff388	0x1ffff314	1		0x00025138:88->0x00025134:88
0x1ffff394	0x1ffff320	1		0x00025138:89->0x00025134:89
0x1ffff398	0x1ffff324	1		0x00025138:90->0x00025134:90
0x1ffff39c	0x1ffff328	1		0x00025138:87->0x00025134:87
0x1ffff3a0	0x1ffff32c	1		0x00025138:92->0x00025134:92
0x1ffff3a4	0x1ffff330	1		0x00025138:94->0x00025134:94
0x1ffff3a8	0x1ffff334	1		0x00025138:83->0x00025134:83
0x1ffff3ac	0x1ffff338	1		0x00025138:86->0x00025134:86
0x1ffff3b4	0x1ffff340	1		0x00025138:95->0x00025134:95
0x1ffff3b8	0x1ffff344	1		0x00025138:96->0x00025134:96
0x1ffff3bc	0x1ffff3f4	3		0x00022c10:17->0x00022c10:17
0x1ffff3bd	0x1ffff3f5	1		0x00022c10:27->0x00022c10:27
0x1ffff3c7	0x1ffff3ff	3		0x00022244:22->0x00022244:22
0x1ffff3c8	0x1ffff400	3		0x00022244:75->0x00022244:75
0x1ffff3c9	0x1ffff401	2		0x00022244:76->0x00022244:76
0x1ffff3ca	0x1ffff402	4		0x00022244:220->0x00022244:220
0x1ffff490	0x1ffff4c8	2		0x00020e04:0->0x00020e04:0
0x1ffff498	0x1ffff4d0	1		0x00020828:0->0x00020828:0
0x1ffff4b0	0x1ffff4e8	1		0x00020e0c:0->0x00020e0c:0
0x1ffff4f0	0x1ffff528	3		0x000234bc:4->0x000234bc:4
0x1ffff4f4	0x1ffff52c	3		0x000234bc:9->0x000234bc:9
0x1ffff4f8	0x1ffff530	1		0x000203a4:0->0x000203a4:0
